slide_path,file_id,size,sha256
data/raw/wsi_he/32-10296_HE_8b3cf2e1.svs,8b3cf2e1-e918-4992-aa44-c4547fffd299,98502743,5fbeaa42b51452b10cc87fb49bba3ff7aa1c88394556c1fd4573c09dcfe928d6
data/raw/wsi_he/34-10050_HE_df87560d.svs,df87560d-153e-4afc-b0c9-096438c4559f,13171519,824ecfcb92ad7d0c53e43f54e7977b168fa8ed82fe5416e61c28493f9468c823
data/raw/wsi_he/30-10018_HE_2a6bffc5.svs,2a6bffc5-efa8-4f6c-b975-29479d0ca2c3,82006041,894ecd8eff574b2667ce5878aba126aedcc93943d72d5123d254a4586e2e7039
data/raw/wsi_he/30-10034_HE_3f2445e3.svs,3f2445e3-012b-4441-9663-f92e440c0187,66947443,3b86ff3d609829756127074277926c30471650d9557f4a7d504d92fb94435fc7
data/raw/wsi_he/30-10044_HE_bbdb8f28.svs,bbdb8f28-e871-4f8d-b46c-9cf8206a71ae,38217395,4cf6158692e42f13e1776890ee8fe203b9cac352e652c60518818b92a6294587
data/raw/wsi_he/30-10123_HE_817ed691.svs,817ed691-b6f5-4db6-84e9-694ee2980054,39282983,cac89de2266788b993e67709c8c8fba9c5a988b6a528ddc8d96353496fac08be
data/raw/wsi_he/30-10125_HE_4248a1f7.svs,4248a1f7-a063-45ea-ad2c-c6b62892eace,44329981,b9b185d771050cd53600ea062bcef51dade5aa90fd672e17461c48d2ca0c8329
data/raw/wsi_he/30-10631_HE_d65ab323.svs,d65ab323-ebb0-4c5a-b011-4886848e1a6e,53878595,ebbe0f721ca7e922d2d6bdc7020f5ce594e00c50362420136b8bafbe85871eb6
data/raw/wsi_he/30-10929_HE_c06becc6.svs,c06becc6-d725-4c35-be62-9ce35b911b3a,668132551,25654e7f242cecfb5f41283d93d1ef65c74c55e32191af37be8946a44ef1f97e
data/raw/wsi_he/30-11033_HE_535c2508.svs,535c2508-215d-49ee-bdcf-2aaec9f496b1,58855877,4d2a616ffcbc19cd2d2b610480b6c216be5753aa3c58c7030c44b0677f68a91f
data/raw/wsi_he/30-11072_HE_7f05ced4.svs,7f05ced4-21e2-4341-acbd-ce54b63f0892,107611141,fce32ecb29167406fa1756ce4bee2eeeb816bea5480d208a4a183a80ab087069
data/raw/wsi_he/30-11080_HE_6e64133c.svs,6e64133c-43c3-4260-aaa3-217413ae4a15,97989357,2651002c98b0684d3b0bdc74728d4aea6faf1e62bece9b0d025ba1a4f7755624
data/raw/wsi_he/30-11081_HE_69d54c59.svs,69d54c59-7b6d-49a9-91aa-6c66e151dd52,90196411,2292f193cf9a960327e5ae3d00bb52c21d9828cbd54683eb711fddd7e574ce80
data/raw/wsi_he/30-11084_HE_6234cc04.svs,6234cc04-b877-49dd-bbec-9de706273f02,153201707,08dee21884c23b36307097ac0a2e68d5b5a816133ed40bdf4be1a527019110a1
data/raw/wsi_he/30-11090_HE_8dcc754a.svs,8dcc754a-c1ed-43b8-9317-e961ccec742f,34707029,8f3f0b1b5658790074d063e9b94c97d0118ec0f28af4380821bfa4aaa62aaefc
data/raw/wsi_he/30-11091_HE_21c55049.svs,21c55049-824c-4276-bd96-f52804d8878c,56758871,2e270d78344d423af4cb8b2a9e2e1d33202043ef9ef114dbe680cc2bcd8aa632
data/raw/wsi_he/30-11093_HE_d29327c4.svs,d29327c4-4e8e-4745-b229-19ffca7e04a4,69367611,d41d3ac2b438a3e59ac8595d893f3d3f2295e3bd797f32bfce3e3705ab1355a0
data/raw/wsi_he/30-11095_HE_7f733642.svs,7f733642-fbf9-4067-9598-de93e5692637,151171361,78031bf703d544af0ff6eaa43df3e6dc3e043b9c227660698ae9e4406d0ede38
data/raw/wsi_he/30-11101_HE_b072c179.svs,b072c179-72cd-4499-b8f9-d8f2b0d17eb8,185860831,75badf1e5204d88e35fa23689f1f0fc9777df87b844d3ef99ffe135527dcc003
data/raw/wsi_he/30-11104_HE_eb2722fb.svs,eb2722fb-977b-4e6c-8bca-43dfbf6f4dca,43264201,b3fb5e99e844806d737470b81735b1b422e56d1e4b76506ff38065a10d24af05
data/raw/wsi_he/30-11120_HE_40d97e7f.svs,40d97e7f-eb24-4b98-99d4-52276fbf858d,11789511,e33f64eea6d3690bedb4436ba2cad8326ff1efc89f5c2020fbf14e77bd1d2414
data/raw/wsi_he/30-11124_HE_1844784a.svs,1844784a-3f2d-4d93-95ec-e856d4d8ee85,63993403,c5dbb27412ec70aa39f04d3d1f5953966492fe7a83254ab49e5a254920dba496
data/raw/wsi_he/30-11130_HE_a77835bf.svs,a77835bf-a6ee-4838-bd73-ee3063c718aa,52713345,9ea5f4511774e62b709cff01cdda2cb26f4b0f30e02d4dd8a27019d990393f96
data/raw/wsi_he/30-11141_HE_27956ea2.svs,27956ea2-5a7c-4b30-8c13-3c7708f22ac6,51812691,054c32e36eed479c2ccffd1a5d9ab025c359c73a78bd55145ef07da0c5f4e209
data/raw/wsi_he/30-11154_HE_32e9ccfe.svs,32e9ccfe-e6f6-4303-9bdd-cf17cda5e75d,47786025,695ee4d11d025511a8ae0d522aa1023915c3053ce3a4c1bed4a66c60b82541ec
data/raw/wsi_he/30-11157_HE_23c51b8e.svs,23c51b8e-72df-4192-8b01-4100a04aa899,31320391,e21d1043bd3319a6a9798954e7f740f2234ccbed63faf64aecd80716cd56aa57
data/raw/wsi_he/30-11163_HE_47e18d44.svs,47e18d44-555e-4911-b73c-18e0dc6c3f7d,203103801,556406faff1450691dc80aafaff28e97965f06827513fec54c2932776e135da0
data/raw/wsi_he/30-11192_HE_f437c086.svs,f437c086-0bc2-4dcd-b843-6c623e598ee7,337462752,ce80646d6a74ba3048bbbc08d97c219169e7e56da7feaf0303d44cb6c4d8411f
data/raw/wsi_he/30-11197_HE_a3502254.svs,a3502254-e00e-4510-95b7-3f24e60a1cda,274208520,c9ef82efeb65cdaa6b54be3398fb53ec178e7231771d2f56328122f6e4362dc8
data/raw/wsi_he/30-11222_HE_f9b35a0a.svs,f9b35a0a-0019-4c43-9e2d-96653bac1fbb,286198542,3a5522a2ba93a6cf8835fc3a6a0158d4e0afdcb5676b0f94e653a32b20c14a31
data/raw/wsi_he/30-11240_HE_54fa043b.svs,54fa043b-37d9-49ea-992d-a5680bc2e8f6,262605444,92448d8d6a9e1050c37f9cbfe6b1afa64b1672acfa10d9970774096d253ab2a1
data/raw/wsi_he/30-11253_HE_e95c78a1.svs,e95c78a1-275a-4f96-bbb8-f28ea2b18a99,218296084,6eb8874079e4a51b172dc6f7b3432483ff2200bfee39fb2a376ed8680f88afce
data/raw/wsi_he/32-10003_HE_ec60d3dc.svs,ec60d3dc-67bf-4e51-bb0a-1f556126a64c,287412955,80f62391d9a3371852bf2c74b9540ce5698082cebcb71da2619c7ef6b4498ce2
data/raw/wsi_he/32-10034_HE_3351a1c0.svs,3351a1c0-972b-4b57-ba18-b1e5de11d56c,51750217,25d2438a70086f4475968010b44301bacab9001d7af0b46fb5daacc85589edf3
data/raw/wsi_he/32-10074_HE_a344f9bc.svs,a344f9bc-d741-4b80-81c5-c8a60a5b809b,68442127,f455c2765d4aca6aa2b4ceb106f6dbe129505f613e27a312e529f2089fe647af
data/raw/wsi_he/32-10205_HE_83e1462e.svs,83e1462e-86d3-4a11-9380-ab1b6d87f7b6,104327679,8ac0bd2e026ac1d8070eefd3473a1ff98bcaa74a8079ff0793d69065be530011
data/raw/wsi_he/32-10333_HE_5b1ae4c3.svs,5b1ae4c3-cc1d-4325-a5c4-355ac4bf3c0f,85231811,cda2e42a0d5fe0618b2151292cc8a30f91ef32a9fbea5b8379caaddb76f7ce63
data/raw/wsi_he/32-10346_HE_202d8fe5.svs,202d8fe5-0dae-4c57-860a-e088fc2556fe,80832433,8610f04648147a79bc7cbca32f59a33b9187f4ccb77e8ad6f2a07bed73c6b19b
data/raw/wsi_he/32-10419_HE_114ebf22.svs,114ebf22-f856-4e3f-8c10-737eb461f35b,33263085,02cbf8c68b722e38cee94f25b036a44cab7dd47d44dff4bec216e40e9e1f83b6
data/raw/wsi_he/32-10456_HE_b01a99a9.svs,b01a99a9-c225-49fd-afba-c64347f8ea0d,108222009,01e1d692c983132ba4ebbeba4a9fb6af8f43d81330516f820a23a574759a68aa
data/raw/wsi_he/32-10458_HE_5316facb.svs,5316facb-2eb7-4381-bd89-ffca63d4dfa3,100996549,8a5051dd9fbb58bcb6a4b569fef34aae636cf08aaba55bf46fd5da35ba7b3b63
data/raw/wsi_he/32-10459_HE_561d9312.svs,561d9312-e163-44ac-a7db-4cb9d7620d92,61803619,0e63ffe4e054c03eeb57566afe760055bc2e025c6fab5300b0ebc1f758d00ffb
data/raw/wsi_he/32-2_HE_c8e2ffe7.svs,c8e2ffe7-b5ad-48a2-a1bb-909cc6788ea2,83112527,61af68a204fa8f24c63cb84e8ca080a3a03d7d188db1b003112460c93ec49590
data/raw/wsi_he/33-10331_HE_4d040fd2.svs,4d040fd2-2e47-4328-a3bf-c6e30bd679a6,129390101,4ff52d46027f8a326b8488df9240f9381568f1c2f5da333cdf3bd3eaf5db33bc
data/raw/wsi_he/34-10184_HE_b190d933.svs,b190d933-bdbd-461a-9353-c91ded1d552e,44268125,c06989088060d1aaf5d2d7a02a9e44db0eda182bf6955fd9b21055dd7b33bef2
data/raw/wsi_he/34-10187_HE_52f5402d.svs,52f5402d-4135-4137-a8f3-26e91d6ded69,49140767,5b194bcef0321fe9e2211ad73a455563fbcff0ce335646ba518edeff30f170b2
data/raw/wsi_he/34-10209_HE_61f92277.svs,61f92277-ed58-4eb8-ad5a-d26efb72a430,432307895,7106f62cd8ade639d398e66b896de3eb4699b6fba68885647fdd83d8badfddfa
data/raw/wsi_he/34-10240_HE_e26cbfb9.svs,e26cbfb9-c583-4de1-9d22-f271a5cfa2a5,64984779,2c7231d63ddb2a8d860d9201a6ff0d61b94a24e82046ddde0542eb5b1aa2d748
data/raw/wsi_he/34-10306_HE_c3766fc1.svs,c3766fc1-7a9c-48f4-b6d0-b612cac01360,16883209,6b0dc5e13a29eeb4569b69b8a402a9cec43fbb6d5d89f019dde03978aed335ec
data/raw/wsi_he/34-10331_HE_2f11115e.svs,2f11115e-7071-411c-9236-d184b5e1b594,35464991,42a41cc48c7498298c1a0c5c5c2ad733c9872a16100def4e82e38fac909e6314
data/raw/wsi_he/34-10393_HE_d1c56d1c.svs,d1c56d1c-dbcb-4be2-915f-5531869b7a99,12924731,c5349d17ccb961e13a3a63f3cd758e90f00e37131f565b417bf1f7aa4e0de96c
data/raw/wsi_he/34-10478_HE_f5f26087.svs,f5f26087-d34a-43d0-883b-46b991e6ded2,20201249,58d107e2ccb38894c8a0689d9a865ae067038298f13a745562071d9e4ac9d20e
data/raw/wsi_he/34-10573_HE_a60ec9fc.svs,a60ec9fc-2fd1-493c-a2fb-f1b40ddabe69,12346473,90bb72a02619068414df2f5c2ab331ebd9c2986581e91a93888433206f2e240b
data/raw/wsi_he/34-10579_HE_26ce15c9.svs,26ce15c9-c828-48b6-a569-a029f785709d,12670081,1105831a29cab68e8cf947336459ea95d129ea3165555c55bebbd5d42dcb78b3
data/raw/wsi_he/34-10666_HE_a7411407.svs,a7411407-e5cb-4e34-9e7d-0ed0e2d659f7,18012667,706033dfed6def2acb50bebb36d5b422e6f8f68ed11d46121b6f6c53bca9c1a3
data/raw/wsi_he/34-10729_HE_44d23533.svs,44d23533-a54e-489f-9a3c-bd890b9f7d62,17838303,7017ab86c94fa0488bdad482dd958fd57ff6a36288174578267a74fe760e147f
data/raw/wsi_he/34-10730_HE_cf1f2989.svs,cf1f2989-8b52-413f-93ee-c6ba68f2e8c7,23466725,680207014fa6c438bd10268ebc6546d14b6f6c5519b59efb95585ceb8b6a2837
data/raw/wsi_he/34-10889_HE_a25399cd.svs,a25399cd-3fa8-4ab8-a94e-77a14ad9baf7,373965009,17976d59b845696206e3e4fe0f0ee9a8bd7622a25a42380fa08593a1faf5d04e
data/raw/wsi_he/34-11008_HE_b4576106.svs,b4576106-a8ae-422e-86ce-b4997cc3ec97,141048893,ffec19486f0221f887ee7ebdef183dd4eb765304241a92eb10ae582938805b4a
data/raw/wsi_he/34-11025_HE_b20fce8d.svs,b20fce8d-47d0-4ca1-8643-25a50001dbcb,131297825,b948d29ed9516c47a3757a11deedb60b6d18e7cf6b801d6d7902573d6e1098f6
data/raw/wsi_he/34-11042_HE_f4408383.svs,f4408383-d5c3-4418-a6f1-fd7f40015f01,109772629,6192d368570dcf53603477ed8285a1a23c6f33199051d1950cf5d389046e0609
data/raw/wsi_he/34-11048_HE_de17de11.svs,de17de11-73c4-4b39-b60c-012955bc5b30,120425621,dee3d35338a223b9be41a278c2068210b90135b7453f97f72c84965f68d8c5bc
data/raw/wsi_he/34-11049_HE_0d1a26da.svs,0d1a26da-fef7-48dc-a1b1-661c553ba005,1126234107,c54cc6e47446f3f8bdd704dca20128729eee5e14d769b5a9b34b81fa897b744a
data/raw/wsi_he/34-11066_HE_660c241b.svs,660c241b-55d1-4d04-9b71-dcd0b2f2678b,250818080,5f026530b1df8cf1fdfdc2a30793920d7e56995f347556c6fb06880a7291a3d1
data/raw/wsi_he/34-11077_HE_3f5a6cb8.svs,3f5a6cb8-86a7-423c-8031-d00f3c32dbe5,168526856,21d4c04c1bddd3855c8863d93e962868f7bd9d214c03cc145548dcde945e8c46
data/raw/wsi_he/34-11093_HE_5695b2e2.svs,5695b2e2-c78e-4424-a03e-4066710c5497,155040592,331299d2929225437f04b5223735a02d38643d01d69dd7d9bef913ba07df403a
data/raw/wsi_he/34-11109_HE_e1bce9a2.svs,e1bce9a2-7561-4e0b-90ee-dcd509ede4d6,149689296,f508148e870084a10ad6bd69fff08e3434931eddb35ffd2d7f76312b7c5b91ee
data/raw/wsi_he/34-11114_HE_e1b49df7.svs,e1b49df7-4382-44ac-b9ed-97c7b046dc2f,135846228,a23fbaf137955c687f80b032583cb41100bbef04b36fc723a636e5cf3c12410e
data/raw/wsi_he/933-10085_HE_d0fe6bee.svs,d0fe6bee-1cd0-4edc-9caa-766c620a13ba,18336539,99eb0e0207f6dbe5f950f8e1860a931ca81bc9fac41a59e86160ae1d975d7e30
data/raw/wsi_he/933-10271_HE_cce8dac0.svs,cce8dac0-3fc1-43fd-b4a7-a918752f1d5c,84482419,be2922c47496ec7340df0a956182aa14c6370ab2ea2fc96a0c4595aa937c52aa
data/raw/wsi_he/933-10777_HE_fcf649b3.svs,fcf649b3-b6a1-495c-869b-45aa9366ce1e,261691592,0100b5bd7f925a82093431461c8cd5166e5644851a2cd81ed58078f8035077bb
data/raw/wsi_he/933-10868_HE_1e4c07aa.svs,1e4c07aa-5ed9-41e9-b0ec-2f5707cf8191,373226258,695a07fa3e24c0d9e66907305e41f2cebcbb58ef5fd5fdec5e2dced2bf36f41b
data/raw/wsi_he/936-10092_HE_903bf787.svs,903bf787-b5e7-4d8d-9165-9a8e16813561,68427929,c2ed96b6e6ebe1502c54c66ac32f9b6ad09786d93b53f3fc544f74cbaed018db
data/raw/wsi_he/936-10123_HE_cf0bb151.svs,cf0bb151-1c9a-4817-837e-6807d86f9ce7,33188789,753023aca068e0cb7042857f89ed82dc5f5c0245f0b64f36a632211a0d4c67bc
data/raw/wsi_he/936-10217_HE_492c37bf.svs,492c37bf-e1df-4ebc-b79c-24da54b70d5a,513348081,a39ccbdcf355f1447a6f40852afada99e72bd3f8ffd00361f446fb38c28f0044
data/raw/wsi_he/33-10005_HE_3edb8a31.svs,3edb8a31-20e1-423d-8010-9bf43a038e41,116375737,0ba4bdc278876546712fbbb53f5740f467c2c080dc6eaa678aa742f4345b98b7
data/raw/wsi_he/33-10006_HE_6f959766.svs,6f959766-e5c8-48fa-a5bf-caf6928ebf25,57681627,59bf632d44eebcd17d23cbc85bfce9b0591f38ca1b8c89b8febb889a871f61ad
data/raw/wsi_he/30-10868_HE_2e616fc6.svs,2e616fc6-86fb-4189-a03b-b8b3f1707b5f,69530971,8ada5ced88e1d1c789705e16d3a8b48a4f692e4ae3c8409ba7ba2842004848c0
data/raw/wsi_he/30-11168_HE_2b7b9a69.svs,2b7b9a69-c0c8-4978-af3d-b23857dbfc65,483245278,a8b45cf995cc817ef9f1677fd26318c95b1050a5c91cb0384a749675606333f9
data/raw/wsi_he/33-10376_HE_7cb99ff6.svs,7cb99ff6-6d84-4666-b41a-d42b79ce953e,83489817,8a418b5374e18309fcd04cc1149df410d504157c4cadd4e697e7de7deab1847d
data/raw/wsi_he/933-10155_HE_691bcd3d.svs,691bcd3d-e705-4059-85bb-0f17b829eb0d,38738395,b162f6986877d5ce1ee634bb42807fc7f17f204d04befe1fb3a83105eeb2d8d7
data/raw/wsi_he/33-10375_HE_c6564bdf.svs,c6564bdf-f964-4fe6-95a1-34f07ad6f508,55570247,aa09525537cdcd78fce46b87c87cd4de029a86ade3abd6ea1eb453685b6f18d5
data/raw/wsi_he/30-10018_HE_2d798ca7.svs,2d798ca7-b13b-4d4f-8d59-7f92f2411fbc,85595699,6cd93a6f76a386460d700123158443f6d9f899f849cfb0231ef9bfbbd19d4c10
data/raw/wsi_he/30-10034_HE_ae019f79.svs,ae019f79-7707-42fc-9a47-e984c8be0bd0,76688251,325cf7e2dbb4578312136a939a116f309beabd58055b05565aa1f1597d224e6c
data/raw/wsi_he/30-10044_HE_524a6a57.svs,524a6a57-008a-4905-abf1-ce15129e380a,55246859,40359dd9dec5e7f2646953e1639ed4a0f2ef337a63935b12cebd5e26a42fbc80
data/raw/wsi_he/30-10123_HE_ee5dc96e.svs,ee5dc96e-ee11-437f-a139-649af366ef50,61063811,b225b38e884722def7501477a5491d4fdc9eb5e92e0a626e090083df1c8bfe44
data/raw/wsi_he/30-10125_HE_1e23cbb9.svs,1e23cbb9-5464-4ca4-845a-5612c4e8a8e1,61104489,febc5dbccf9e253a8507f1f5af03bdd3d10af54f3523fce354ddc1c60839367c
data/raw/wsi_he/30-10631_HE_8851f028.svs,8851f028-0096-4356-a845-863d41352a98,55554135,f16c8d5195c8c66eee1311cff61ec43f62e66ab83755333a1d8e450194800bc3
data/raw/wsi_he/30-10929_HE_e86d7e2a.svs,e86d7e2a-1cb0-4f74-941b-2fdac07c2220,882595157,5836dbf20f57568f4f0be3f2deb1868e98672b118c3e196cbce059e399e15777
data/raw/wsi_he/30-11033_HE_08d6564d.svs,08d6564d-8c38-4e29-a7dc-5ec45d27a16a,76357725,8ed8f129248e83c02ca6f3344aee157961f075d1bd230fc95f6e77324adf4daa
data/raw/wsi_he/30-11072_HE_adbca450.svs,adbca450-302a-4115-8468-ffffe9a5595a,127138051,9df07795586e23e0a7a1a79cfcf6a92d52d08a6b2ce21f7e6b6529b7ae1dc917
data/raw/wsi_he/30-11080_HE_a19c0d4b.svs,a19c0d4b-7c1c-40ca-be1a-c11e437cf1bf,141669273,25622447a7d0dca4b0cdfc22708fa6cfeba0790333ded003c83dc20546ebea7a
data/raw/wsi_he/30-11081_HE_9a1ad21d.svs,9a1ad21d-82ac-4fb6-a8c7-7a831ca24796,106142197,a97ce6d552f7f22fb8150b35ec71c4858ce3836830b4e0e4e41a1bb123130356
data/raw/wsi_he/30-11084_HE_69a62729.svs,69a62729-684a-4ca8-9756-ee828a65be6b,176069121,fe670a524ac43cc3aebc4bb3ec53b2876953f55811030f9cfa87a438b4f9a81c
data/raw/wsi_he/30-11090_HE_db12f2dd.svs,db12f2dd-f3c8-4bf6-98dd-ef87b669eab3,75690791,610e2b07fb94906f6b9e27befa417a372f0d487b29b44726e9163f29f3051210
data/raw/wsi_he/30-11091_HE_f2ddfcdc.svs,f2ddfcdc-7490-45f8-ab7a-79e7c049a9ee,107335207,bd205023edbb475d260e7f95a392c05b45c22fa31c6cb25c7138319e39116cb1
data/raw/wsi_he/30-11093_HE_96c60e86.svs,96c60e86-009c-4d46-8176-96498dccb99b,107787739,eb152991954852ea3fafbec9063e64899e08293379f95b10ea8d9f3b59968c5e
data/raw/wsi_he/30-11095_HE_106f85eb.svs,106f85eb-4e06-45fb-b70b-f0e714408aa2,172812275,3f4e6277ca2c290ba3cb9a9d2841cb7c38edc98d35e2158552b14f0376ad1f99
data/raw/wsi_he/30-11101_HE_bbf33363.svs,bbf33363-4de2-41fe-b1bf-479a43c1d1b0,207601903,229e5dc52cd01f329485e7451dcb657a543ded117c798f3475b08ea483bef8a5
data/raw/wsi_he/30-11104_HE_02fce80a.svs,02fce80a-deee-4252-b993-049399cf51c5,67225877,272a398927eea111c78d56dead14866c82bd6dd6bbaec043c1ac6e460f9a2b2b
data/raw/wsi_he/30-11120_HE_9893b2af.svs,9893b2af-fb4b-4e9c-b71e-fafc8289c377,15190669,12406d9c0d262107d133d1d85582a15bfced24d307fcd15970817d93895bd611
data/raw/wsi_he/30-11124_HE_a76a3f70.svs,a76a3f70-b917-41bc-95a2-9b1bc33f7ff2,70122833,595264ec1e9c7ca33e4054bc25fa4e03a019616092b466928c8c83e17a5884ee
data/raw/wsi_he/30-11130_HE_f406e11d.svs,f406e11d-529a-485a-a65e-121364997626,58655565,47c83decc778d98505cdd6e05e66fbe66c34461f4dbd257a35745ca99370e47a
data/raw/wsi_he/30-11141_HE_eba5efd1.svs,eba5efd1-d6fa-4a29-a719-d55e6d20eca0,54899931,4f34b8fc5791373facb1d7c91e1c8083d1cf7a9d68172e94e7537f5808efa136
data/raw/wsi_he/30-11154_HE_4df91675.svs,4df91675-71c7-467c-af8b-77edb66d24eb,49137983,006a7887483a1470ff48dbfebbdc52ade15972e89bb58c5bea6e6ca7b6945848
data/raw/wsi_he/30-11157_HE_a43c61da.svs,a43c61da-7e5c-40cc-8119-ceebdbda54b8,33307115,2e1bd58b787bae156b73892f4952be9195d35de78214da0a3b270b5746d658c0
data/raw/wsi_he/30-11163_HE_c4655f76.svs,c4655f76-6608-48dc-816a-140b7bbf3fd9,225981491,5f4b41eecf0f6a5a2801d2da1e4d23acca475ad7059170e011f50bc15ab34260
data/raw/wsi_he/30-11192_HE_0a73296a.svs,0a73296a-e44a-4837-a95d-ecb84ff98c29,376910248,e9a35227b3ae118c4d4512f7804044bdfa3ddd91440bfe3a4f2c02f214f9178d
data/raw/wsi_he/30-11197_HE_3a1fbbc4.svs,3a1fbbc4-2f9e-407d-9f0b-763530f36d32,306994148,020b494a3ebbbdfdca54205aaa53b3d303214434f5b107595fa0daf76a79d2eb
data/raw/wsi_he/30-11222_HE_e51f7b58.svs,e51f7b58-031b-482a-8f88-bf5245fb0109,381048542,e4f8ba082049387c570d225eedba24f8103c3f3cb83bc297af8178307b19550f
data/raw/wsi_he/30-11240_HE_fc7ccd6b.svs,fc7ccd6b-73aa-472a-b108-2ebc1f9cca5c,318428888,986a4778775b45b47a56396378c9b4477f68737015655b7c1f89588b70d3e143
data/raw/wsi_he/30-11253_HE_630c1fa5.svs,630c1fa5-b2d7-4ce2-86fd-0eafad3337ab,256570912,51fe3e8ba5eedb40c0d986c65e36d3acf738b5e5396ac31ae1156f08d0521dd9
data/raw/wsi_he/32-10003_HE_44fbe90d.svs,44fbe90d-75cd-4060-86d9-712cf12abb7e,350262323,0ae6de9c78104e059c800a51516568529dd71961fa7b071276112cd417527101
data/raw/wsi_he/32-10034_HE_386eddb8.svs,386eddb8-2370-4a73-9638-4bc033d108ad,58063803,0c6d9321904444622b9bef722f9ff47718556b319c5f19d3baca34f115cef527
data/raw/wsi_he/32-10074_HE_4a224ff5.svs,4a224ff5-55ce-4dc9-b3e4-0856ddba1316,71332699,546571b8068cdd4bfe050fdc3c775ae8a4f37ed1346a80f9fc4bd626075c7e70
data/raw/wsi_he/32-10205_HE_29d140f8.svs,29d140f8-474b-47c8-9644-048f5965f665,106416293,8ab4681a31f991db8f4de6240eccb9c8b55fd7a383f8e70c50a069e3284e9673
data/raw/wsi_he/32-10333_HE_664b3649.svs,664b3649-2783-4826-b86e-143e46e78974,88354057,49e33855225b6e00f9ea1b8218d2e6b69d96ba7aba3e95d58e1519913e2105fb
data/raw/wsi_he/32-10346_HE_859f3226.svs,859f3226-4e2c-4b40-baa2-5a3f8c94b2ea,84442717,7569d18c5276b5a0634399235a469baf9df3e0943a6a91a44630e09e92023e15
data/raw/wsi_he/32-10419_HE_eceff7b2.svs,eceff7b2-6b9d-4e72-9b9f-669dc18aabdc,74027659,7f96ebdec96c108141363f529d1d87b836cbf96861d788fe27f867abd5f82bd5
data/raw/wsi_he/32-10456_HE_2a0c558a.svs,2a0c558a-77eb-4bb1-8008-11e1b54b15a8,111193483,e565ac4291903608ac2a276a4746ad85daf8f5408345c5b71b1c5779e8e846da
data/raw/wsi_he/32-10458_HE_beaf8003.svs,beaf8003-200c-4c8d-b8e5-d12e14869668,102669911,31133cc203d3086bd388c6b117368afd7db6c604326898f40c5d90131aa4a3dc
data/raw/wsi_he/32-10459_HE_a7cf650f.svs,a7cf650f-5d7e-4a3b-af4d-d104a99e7099,73535053,ddbd5f1a9c609715418379c73b03d1fe57e3c517bce11255c5f1996f5c582f01
data/raw/wsi_he/32-2_HE_922b7fcf.svs,922b7fcf-1048-4a7e-b1b4-59673a7d4b40,90237573,295407801675b232441fa15256b9d25c0199db2123dbefe556b1d5fe149418b4
data/raw/wsi_he/33-10331_HE_5ad08e74.svs,5ad08e74-ec31-4868-aef0-15de608d2869,130848851,b0a2fcfbde92adc62b4695effa00b7767cab2e7f6ca4dc59a53e79c81dff0024
data/raw/wsi_he/34-10184_HE_f808139b.svs,f808139b-49e0-4451-829b-512e5bd83702,53840763,692c6f121f37722d25c803c0f1f0b9f589ad0cfd7568100e04eb5330327630d8
data/raw/wsi_he/34-10187_HE_83069e92.svs,83069e92-b28a-47da-a6b7-4241027e9580,46007503,bea3f5415f6fcb94520111304c3e49ed51562c698c55a0f2d4cb4ebd9db7a9b3
data/raw/wsi_he/34-10209_HE_00ddcb16.svs,00ddcb16-7651-4a4e-94ff-db8d9b766472,474010191,8de2a1949d89863ee50cc3e6fe5c65a027eca6cdf09c65fb59fb67aef4e4855b
data/raw/wsi_he/34-10240_HE_71cc9a50.svs,71cc9a50-3ecc-452a-ad36-535c26a6b422,93931669,90d3ae4a6614d13de95db1eb5af83b77b1e5e4739eee4e6d2cf4fe054a3d7949
data/raw/wsi_he/34-10306_HE_efee7fb1.svs,efee7fb1-7c05-4ed0-9d3b-e717a220bf05,18532027,7c8f3ba07a4f3f1413ae3e7f36c8297903ec2e4fc2758332414fa445c51a544e
data/raw/wsi_he/34-10331_HE_9a2f2e15.svs,9a2f2e15-72ae-4d79-9273-fb20415a8151,40409973,7f8666bfbfd6e59c8875734496c1a8dd13af18392a96a615272fe94c59bcba98
data/raw/wsi_he/34-10393_HE_440c83fd.svs,440c83fd-11b5-4973-927a-fffba4d8ff9d,59109167,5b7df0761146a5bdf0869bf6567fc1356eddbe1a74e6cc3c26b8060ee3581a29
data/raw/wsi_he/34-10478_HE_c95fd54a.svs,c95fd54a-8f53-4e65-9520-4d8e3d727b98,30449945,f67a9c9bb0c654df0f908a20d06bd08c49d3deb71b660e561c0fd4f27ba62848
data/raw/wsi_he/34-10573_HE_d4748865.svs,d4748865-319a-498a-9aff-4c5b7147d6d2,17101947,014d06e0d9b076990315d16afcfd6145020c0f4e25edd364f4b574a334e42ba5
data/raw/wsi_he/34-10579_HE_6c03e635.svs,6c03e635-80c1-4aac-8c26-507aa4b9b48c,25590213,d5f403626116a078381fc464b28b041654784692680ed96b294c75065167df8d
data/raw/wsi_he/34-10666_HE_2fc93eba.svs,2fc93eba-e69f-4541-9c8c-2dda2eb052d2,19887527,7264d80fbda540e9c96a59bba3434b57d0aefeda5483f2fd55399db06adc43a3
data/raw/wsi_he/34-10729_HE_cc6246b6.svs,cc6246b6-f2d0-4dcb-a21e-8c3c47cc7ffa,24810291,82da262d99efc101050191569b585df417256b218b581e7674250b79dfe5d846
data/raw/wsi_he/34-10730_HE_0bf8d73f.svs,0bf8d73f-1e7c-4cf3-b350-e9d89d437ef5,36423941,024f8eca3fb3df58f42b286c24d9accc55da1924c6ce454b9703ae5c76c0a52a
data/raw/wsi_he/34-10889_HE_ba62b79a.svs,ba62b79a-c0ad-49f2-bdbf-433d226c1928,382961459,04dd31a08270cb7d616c0771c889ee4a0df0a92307a6ee09c8de7551f44ca2b4
data/raw/wsi_he/34-11008_HE_393874ab.svs,393874ab-0b76-456d-98fb-21bb5684e62f,145613783,6d628cc4183468e1ff67f6d0aac8b608bc208def9ebbafbaf41d08eb33ead652
data/raw/wsi_he/34-11042_HE_ea42030a.svs,ea42030a-fdce-4545-84fa-129e8de3b88f,112951921,abb6f4c1d714da4ff32340665e27351b81f806d2a1dd8661a501a5a00a0d293f
data/raw/wsi_pas/30-10868_PAS_94cc2667.svs,94cc2667-d7a8-41da-abd7-ad6f0e5923e2,93215859,eb1c079bdbc173525132c568b294e6f6a862b3ce0ec82eecbbe2a98e2c730cdd
data/raw/wsi_pas/30-11168_PAS_947337a0.svs,947337a0-0312-4f0b-8e8e-19939b4998c0,971621605,bd9bb408754e4c75e8a896e06c07b79eef866a4340e7b8fe1090e950649a91f0
data/raw/wsi_pas/33-10331_PAS_4fb3221a.svs,4fb3221a-a744-4249-b0f7-194487c173e9,44766001,1350810e2cb386f2dc03f04b7f5cbbd5efd5165662fe095f1f08416c149f59cd
data/raw/wsi_pas/33-10376_PAS_f7d2e2b6.svs,f7d2e2b6-e10f-4224-8e50-34ea36158605,402907971,18f1f865f59608b767601af650849dc8c9d985d1784473f7303e1edb61d5dcc5
data/raw/wsi_pas/34-10050_PAS_81ccdeb8.svs,81ccdeb8-3be8-4599-93da-37db3d7350cf,11214335,30eba04a5053488be964e68b5247655de00bd761fdaf281c986b84493d979fa6
data/raw/wsi_pas/30-10018_PAS_d5f648ea.svs,d5f648ea-d2b3-420b-a44e-5c072c195d7f,90984855,52947562994f0d95d6e7c024184e674f28f4e2e37309986668cf0948b36084dd
data/raw/wsi_pas/30-10034_PAS_9b037714.svs,9b037714-5f3f-4946-9619-b7975b59bfe6,18602851,05a325d3e153f64c448b0163bbeb2335e5509afc887cae107c4a548945c3a4d8
data/raw/wsi_pas/30-10044_PAS_48d69e1d.svs,48d69e1d-a359-4661-bb34-29fb78e08726,17767919,1db34d1e41369902ed07c7355b1275599df3e9294283d9b8a4a3d0d1cffb953c
data/raw/wsi_pas/30-10123_PAS_2d2bfed9.svs,2d2bfed9-0ae2-4f66-bcc8-7f86363b58c3,46583673,8cdb30a1348711a9f85500cdae3c3d96cbdeb3de64ac5e2e0aa77245dd171118
data/raw/wsi_pas/30-10125_PAS_627425fd.svs,627425fd-5092-4c6f-b17e-70d891539a44,42958875,945c1d1be8315a4aa907f99b11ad5b222f926cc25cf4d42a5a7feae716acfe27
data/raw/wsi_pas/30-10631_PAS_5ef13fd1.svs,5ef13fd1-9ec3-44fb-9607-bd17260fac7a,53499805,44333f340112cff0d82c7e52cef994d0fabff970315dedfe704e4e1410d741fb
data/raw/wsi_pas/30-10929_PAS_e138971e.svs,e138971e-6ba0-4e5b-b217-49aa8cc3982b,689079381,be15fd7b3907d77e97488b0307e0c474cea80db07e7b867c816b5249eed9ba35
data/raw/wsi_pas/30-11033_PAS_d4d20491.svs,d4d20491-fa9e-498d-a8ab-11d79dcd4b91,62046045,606fe8b349572c064f7ee5be179b7bd35b826f0e3b2fc546ab72cdfa8f01d83d
data/raw/wsi_pas/30-11072_PAS_e132147d.svs,e132147d-ac49-43b0-9dea-31687298aadb,107445549,a2eddb9c666c50d58f8215c7c265665158a27b3af185f7556738862e4a66896a
data/raw/wsi_pas/30-11080_PAS_423b8bae.svs,423b8bae-c4ce-412f-9a1a-e6bbea1fec07,108645079,b19fcf21481de0a74ba180a320b6250020d9f224d8a74cf98c4a8f0aa2f09678
data/raw/wsi_pas/30-11081_PAS_b2671f7a.svs,b2671f7a-70c1-49f1-b75a-ceb065abf56e,94938393,9d6f206dacf4626f276caef583bd9e47b32ec93638375847c10a480b3715dca0
data/raw/wsi_pas/30-11084_PAS_b0b2ee5e.svs,b0b2ee5e-0ec7-49c1-8a30-12b3dedd315b,176228643,7367de779640f5af75762cd70b2df1a2c8215fb6c3bfb679e911abcce703d334
data/raw/wsi_pas/30-11090_PAS_462fb490.svs,462fb490-a5e2-4358-8f0b-bc5f8decffd0,46515835,4b37df8d590dcd29b3bcada316c13b206cb26e1e374e9f178f2897b841d3e8d4
data/raw/wsi_pas/30-11091_PAS_5cfdf58a.svs,5cfdf58a-2a2e-4513-8ba4-531414bb355d,68232583,35666a64ffc99510774d54ce48c77999d4849a8aaa08b2db217463a59992c971
data/raw/wsi_pas/30-11093_PAS_c5c9015e.svs,c5c9015e-3998-4148-a6a7-115116d0df7f,21862427,f61e4c252b7b07f7024590265ab4de11bbc7e55ff807f064138e673d67786706
data/raw/wsi_pas/30-11095_PAS_8fc206d0.svs,8fc206d0-2dd6-4be7-be27-ff06c5273669,109001391,78f265ce858c5e65767e2cd22eaf8db89cc74fa42e05b3561b2340eafc7ff128
data/raw/wsi_pas/30-11101_PAS_dd06a543.svs,dd06a543-3403-42f5-963e-bfe8ff84589d,184101669,2f45500b3dceadb863df07b9090f0f7dda2e75dab2e7f7c0843a095f495a0b2d
data/raw/wsi_pas/30-11104_PAS_b3be69c2.svs,b3be69c2-ca35-4019-ac37-471079218052,45760631,62836df67c88b0530eadb953ee98790922a9e5b5139616b333dd128d127592d0
data/raw/wsi_pas/30-11120_PAS_9b2d9c3f.svs,9b2d9c3f-f9a9-49ea-b467-c8f050ca4a36,13502957,e63b827c71b411e218f8226e3870d3a294b15144f025fa9e418e7a64b071ac9e
data/raw/wsi_pas/30-11124_PAS_4ea2fc21.svs,4ea2fc21-8ce1-4a20-9074-5a2055768388,65571149,de8f0e15a8bc362e566384cb751c6f33d4e91ff263586d8c6add0793af6c1c0e
data/raw/wsi_pas/30-11130_PAS_ff464f26.svs,ff464f26-1607-4ba8-86ee-b8914ff2f616,79336931,24babae9d9db34c162366cbbb93aa840a30863f4fd819ce0cc18e2383c129a47
data/raw/wsi_pas/30-11141_PAS_c4287a91.svs,c4287a91-83a8-42cc-a9cc-d47b43498c56,69736035,153331ce0ebe1c44a52e0cb894da84dfd83dcf3c7990d49d66983da6b287a6cc
data/raw/wsi_pas/30-11154_PAS_3ae9f49e.svs,3ae9f49e-5837-46d5-b4ec-d326fcc85047,52901617,357eed215750ce2107adf45a4ea4c152b19991382a4dac0b9297bf26392a920f
data/raw/wsi_pas/30-11157_PAS_bed7ec6a.svs,bed7ec6a-3658-4a37-a765-0beb35187548,24812651,295346933b1b7903eae63b8c19275afdb442fd3e12571baf3cb7328310a85e14
data/raw/wsi_pas/30-11163_PAS_82d86a28.svs,82d86a28-387f-40a0-a962-e4608c96328c,226407335,3eddaacae5c17de9f6aae2da339cfc4b8764f4f38c483c6c007a84c01b040bdc
data/raw/wsi_pas/30-11192_PAS_4f975623.svs,4f975623-0e09-4e71-8eed-96da3159cdc0,363475406,503679e67b46b0fe92b7d210f8b5614fa827b59862332782f126c0f60e6900a4
data/raw/wsi_pas/30-11197_PAS_c0041c3e.svs,c0041c3e-b6a3-438e-ac49-d8465cec6a62,289981192,0e95a585cbc29dea6370164debca18a9ad46747929fbb96e6fe7b38633e785fd
data/raw/wsi_pas/30-11222_PAS_3d0dd168.svs,3d0dd168-647c-49ad-8c4f-9468c7e78d87,266689344,fb7f3428a2ee12bfb1fd938ac752471cdcfc0c0fd483bbd88dced34a6207ca32
data/raw/wsi_pas/30-11240_PAS_96c0235f.svs,96c0235f-8a42-4b53-a31d-61f550d662f5,283890982,beda97427e7d1c13a76cea84f86124a8612322ad527012d13fc33f3ba6a0e452
data/raw/wsi_pas/30-11253_PAS_b892d664.svs,b892d664-f456-4949-81dc-49858089ec63,229125034,a1a1f38e421d3008748e382699022a6e4ccf6ccceb5f7e10a07e58f9c4fb06ee
data/raw/wsi_pas/32-10003_PAS_19374c21.svs,19374c21-8261-48d3-adee-98f4ff52d8da,224594913,2010e2f739a7758093da1ab756dd2701faaef729fb3b0fa3448beeefab1bdf4b
data/raw/wsi_pas/32-10034_PAS_77d09889.svs,77d09889-e3e5-4d23-9281-dc2302433d35,56353795,6a86f82694ec0d4c897732645d43bad608a7028fb8700c1e076874f2e99e078f
data/raw/wsi_pas/32-10074_PAS_647a08f9.svs,647a08f9-3f2b-40e6-a268-705cf842731b,59696451,ed90265d9093665afd9457a82faefd22ae3ff5d9abdc453687a095f84b7cf324
data/raw/wsi_pas/32-10205_PAS_aa787d90.svs,aa787d90-4413-43f0-ac1e-f79d457b306b,116510361,689dae5a45cb4fdd8d01e09f6396d49aff25121f2127f8aea53c9c8fffc28eff
data/raw/wsi_pas/32-10296_PAS_1981e918.svs,1981e918-d8d5-4951-83d1-45a8fce9fc09,87002493,a7b9431b091c90c3c52cb47b750b6c1553dd881c25970a8e77447b30238a3da6
data/raw/wsi_pas/32-10333_PAS_c3bfc75a.svs,c3bfc75a-a76a-4f0b-b23e-91ac28f60dbf,81361633,fde188ac188c4b4d89749e677a01cdc95722d2e1eab6591c549b747f78c65213
data/raw/wsi_pas/32-10346_PAS_2604402a.svs,2604402a-fcd7-42e2-bfaf-323feb8e7f7a,69898453,a14e6edac33c89b7defcbd69fbf926510c4099e6de70b2a18224c7ced14d48f0
data/raw/wsi_pas/32-10419_PAS_03994d69.svs,03994d69-537a-4477-8d75-c2275ddec626,37054685,0f673d57912f6dffd977ea86a5c049cf0dae3f01b6f0f45feea32440ce298041
data/raw/wsi_pas/32-10456_PAS_6b5f84cf.svs,6b5f84cf-30b5-4b44-b1e9-76d7803cf05a,128061919,03085652431c62899a63d9c0c91bd5db50917064aa3cefcc7d8f051090df280f
data/raw/wsi_pas/32-10458_PAS_1c1dc5cb.svs,1c1dc5cb-feab-4250-b5a0-dba25c5d0812,108134869,1e498c268a4a57a71c9f9f0c7ad8075ee09f87fb70d766f6738539a6e025568f
data/raw/wsi_pas/32-10459_PAS_4abbef6f.svs,4abbef6f-ca36-424b-867e-3b614b887b98,87184455,50c1d120384bafefef9704d484be3c0dedecb2d969c41a23363ba14ddd0985d4
data/raw/wsi_pas/32-2_PAS_14196f17.svs,14196f17-d87e-41b7-b452-4059cf673d0c,86808789,516ae1c13b4db09eca454ffe7bda38a156085a7f1c9d75734414827e9fd9530f
data/raw/wsi_pas/33-10005_PAS_c99e8e27.svs,c99e8e27-9990-4cd8-933c-b3bbade3538d,52012495,3fbdc22a89045449c031f30b0cfaa55be82f5fab16d044e6dc5203dd0f85da3a
data/raw/wsi_pas/34-10184_PAS_ba7e6432.svs,ba7e6432-05a0-4e3f-87e9-cfd3dcbd30a0,47750769,ed7118cb72776c6dbae2e0c9261883d2e2c8e4b807de1e2d088ca9dc0850f8a3
data/raw/wsi_pas/34-10187_PAS_674c9635.svs,674c9635-5714-40a4-94f7-df1710f4c072,45978701,40588acc579174cc15cbd68ff1c34ae69d1541b6dd741218a3d51af2366a2367
data/raw/wsi_pas/34-10209_PAS_d93e23ee.svs,d93e23ee-b5aa-4c1f-bbc0-ecf09d3d6629,393977701,e91c1328c634c5926e067e8f2edfea2d9979ccfe1ca757882ce5f5555d53f499
data/raw/wsi_pas/34-10240_PAS_ee5cc5d6.svs,ee5cc5d6-4f17-4e45-8203-6adcfdba417c,77095645,5a2d83873c2f26d581af0acf9e581e67bf8daa3ca61d857d267e9d8b04826acb
data/raw/wsi_pas/34-10306_PAS_29b3c0d6.svs,29b3c0d6-ef0a-4c9c-8a6c-48632f8eda2e,18732545,5eda33db3ca82d16c39cd518f312485cc35f433d2a310a1739e5fe4671559045
data/raw/wsi_pas/34-10331_PAS_10aeadd4.svs,10aeadd4-56c8-46c8-b70e-71a5c0fbcd92,16101895,a826f1c7c0e66c94e5e300bd665a7f75e4c4cdbd9adc0391794a93c93cd7a297
data/raw/wsi_pas/34-10393_PAS_d6201e3b.svs,d6201e3b-1d88-4541-a84e-9135b290ddcf,10931919,876fd877b290128789e5becf11e435b2b19a8818d80bb2ec51d7a6175b9df587
data/raw/wsi_pas/34-10478_PAS_63175fbd.svs,63175fbd-3143-43cf-bca5-22c95c347b0e,24347163,2cf4d31dacb09af50aec99a080d0684823f6c9a163ca7ebaa0601c250b6d82f1
data/raw/wsi_pas/34-10573_PAS_a7c38ff2.svs,a7c38ff2-e8a6-46c5-b90f-e6b772cca64b,15187319,1b8e9e5622d68c839b902c529ed427fba2203974e8037cb772599d2490c33c80
data/raw/wsi_pas/34-10579_PAS_4853c63b.svs,4853c63b-cf87-4f27-80f8-cb0885423aa7,15829981,8de28bd31d8db03d66104d581f679f6c572ae55daf5b38a34a0a043526ba4629
data/raw/wsi_pas/34-10666_PAS_030658dc.svs,030658dc-8302-4cab-a5cd-c3e863fe9af5,20796773,219354478af60e7580406bba3132bfa7f82de8db9c79720ebee8b7df005ae51d
data/raw/wsi_pas/34-10729_PAS_f3f0dee4.svs,f3f0dee4-0061-431c-a30e-1c48dfaba90e,21504569,8fc2a0afa0bd3ed77cb2854d40588b7f81e611ba5b7fb902f6fac497540246fb
data/raw/wsi_pas/34-10730_PAS_2b5eeabb.svs,2b5eeabb-0ece-4dea-a751-2ff9b3a62c7f,15675799,903f1d49049239dc27224dba883baa75110d371d698cef299d63a9e9cce68e68
data/raw/wsi_pas/34-10889_PAS_1db2b4a0.svs,1db2b4a0-5aaf-4e71-ac7d-1a35136cc1bc,384320877,7ee8a674cf3d034384975f459a7a8e48fb863bd87c36e97db7c3f4e096f92f22
data/raw/wsi_pas/34-11008_PAS_1555f9ed.svs,1555f9ed-d07f-487c-9184-f7708162d81d,134941015,036cdd9220e66b65e51ecd096a371843913c1a1598928b58925ae459471f1549
data/raw/wsi_pas/34-11025_PAS_e5813183.svs,e5813183-834e-4381-a80c-2bc851ea81ad,156897996,0cb7603e10426dbe015ce5c3eb8dab4f06db201c494dd892e19f5a232516395e
data/raw/wsi_pas/34-11042_PAS_33d47efd.svs,33d47efd-338a-4f98-b6fd-6edb9d075617,109600363,f2edeb8a8958c23e59ab95434155fb52e734d2d091ccb9d05fcd3e3da1359a1c
data/raw/wsi_pas/34-11048_PAS_ad42c6fa.svs,ad42c6fa-3580-4d34-a359-7552835b2148,14224569,6f0e48f9dca52abf9fbd53ef091aaaa98d9bdcbab0c8c3972a5e0ce2e02a233c
data/raw/wsi_pas/34-11049_PAS_11403c11.svs,11403c11-e4f9-4808-81bb-a9b44d0b8a7c,238801809,6f4f5990b3519cc94a9e65b044b6accc33d3495b01e50e48286f52d88217199e
data/raw/wsi_pas/34-11066_PAS_99132f9e.svs,99132f9e-3c5c-4da3-a175-1fdb3fe3fdb9,213927128,774d772a696932c9d41cfea68a14f8fa624e8e550d24b461df906a5b3c575e08
data/raw/wsi_pas/34-11077_PAS_cfce4bb9.svs,cfce4bb9-b178-41fd-9273-023574cd8f32,169787780,e1a9f4ee44ba00c8f1d5af2bb660c30be0f5f1caf5dc61a1e149d6ed0f909f98
data/raw/wsi_pas/34-11093_PAS_3cec9ce5.svs,3cec9ce5-dce0-40a6-b54c-c8d5197cc9a0,162699888,2eddbe875c32ebdc79b3ba4f3ef43dab1f3898daf8f66d5bfbd6f5fcea13523f
data/raw/wsi_pas/34-11109_PAS_f4cd80e6.svs,f4cd80e6-7a29-46d0-80bd-6b388446b378,26291179,c038bab027e8a9ffbe9b2a82a38fd0dca7544f710f9f5fcb04d575097763b2f8
data/raw/wsi_pas/34-11114_PAS_bea45e5e.svs,bea45e5e-ac3a-462c-b4a5-89f564e16434,132863058,f9889bd42795d312796c5c83924ae2f8381ee3be0dcd46aa11a2ef65faf44f4a
data/raw/wsi_pas/933-10085_PAS_9c0af51d.svs,9c0af51d-d4b5-49ff-afff-2eb74e79abd3,75181201,39645e65707409e1ea04266a0fd061c1a6765b891291de6dfadc4240e813329a
data/raw/wsi_pas/933-10271_PAS_d5c5a3ca.svs,d5c5a3ca-bd68-4b67-996d-aa99f4f3cb55,86225769,a769254059a518ed7e438267dc6ecb25702abead9a571ad7cf5fbc02e5381285
data/raw/wsi_pas/933-10777_PAS_49bad9cc.svs,49bad9cc-7502-458b-99b3-8b319aee2e17,283697066,6f7ea135b5325755dd44322acdea507143a729efa9b332da34ded088662c8f8d
data/raw/wsi_pas/933-10868_PAS_93a7065f.svs,93a7065f-d917-4acc-b62d-dba6f37e46ad,523107606,24e242b653ab7a87448906d2da21f1178644db7806202e1cc865816d0e897bcb
data/raw/wsi_pas/936-10092_PAS_79b627bc.svs,79b627bc-a98c-4d91-81b3-1438fc93e5fc,75728535,3fe4ff5a2e7eb3ab0c1f85f562afd5a6b75f780b7713d18f2872c28531be89a2
data/raw/wsi_pas/936-10123_PAS_7570b2ad.svs,7570b2ad-285a-4e88-811d-17de6b727682,40426373,420523f3014a504a968d76b41923d1806777cb6d19fd1bbd95aa1435ed7a7473
data/raw/wsi_pas/936-10217_PAS_0afeb60d.svs,0afeb60d-65ac-4a13-bfd8-4510e1155fd8,324695565,5d4bb810fc26a75695d5a9c6db16c76f130a1fa0c70ac7c78eb953c24ca6df96
data/raw/wsi_pas/33-10006_PAS_eb04b59f.svs,eb04b59f-1b2c-40d3-aa3b-2845e3450623,18182721,29ce271d5b8454c41a2b508a3bc6a346c26446a672a59c9007be382de9f0de70
data/raw/wsi_pas/33-10375_PAS_fb91f7ab.svs,fb91f7ab-064f-4551-9e68-8539aa80c79b,39843657,56bc13584fb394568e106a4c09f81338a85f624280957d6f9a9972831f485c67
data/raw/wsi_pas/933-10155_PAS_ebd3351b.svs,ebd3351b-cebb-4c21-8bc9-ff19e875c23c,30040417,a81425fbad9d1a124f4f439b5e9fd89eed42c1b141a6c079e36d82bc0f68922b
data/raw/wsi_pas/30-10018_PAS_83751b12.svs,83751b12-b660-45f7-9a94-44872e442188,99097649,b1f3644aeb24160588107d28d29cb173d0c29b09dd22a9c0ee91fbc1305a85ee
data/raw/wsi_pas/30-10034_PAS_71dcec3d.svs,71dcec3d-8e05-4860-a79d-594c040b9c90,22794653,6dd7bd698b6e1e69a8975d53606ecbb9703898cb7a2728f96acd7512f8171ed4
data/raw/wsi_pas/30-10044_PAS_bac31e5e.svs,bac31e5e-6ef2-4388-87f8-87bd5c393654,23909701,1e1d9a4406652fbc36b53f50aa945352e092f3ef2aa1ee1684689df8fbe84752
data/raw/wsi_pas/30-10123_PAS_46d62a85.svs,46d62a85-3527-402b-b3e8-d504242d545c,74432461,2ae17df86c1ee951004f530775bf21df4b574e66c10b5f946767067021ed3139
data/raw/wsi_pas/30-10125_PAS_976f3c99.svs,976f3c99-c21d-4143-828c-c32470a0ea7a,62382321,568645cbc070ac3e79f20e68525f7da60a47d00cf31a163f7c896288ae7c0439
data/raw/wsi_pas/30-10631_PAS_51679945.svs,51679945-f3e2-4650-8e4d-b57b7a28d153,56604959,07f52cafc6fddfefd204d85e0b43f9de8d6f86ce7305b8f03ebb97927691d58f
data/raw/wsi_pas/30-10929_PAS_7d4881bb.svs,7d4881bb-ad16-40f0-b2d2-86891189a100,731680679,ce6542b690ea1469224554d6cc35b7741e179f1ced56754500f824e7e9693858
data/raw/wsi_pas/30-11033_PAS_fe42ee9b.svs,fe42ee9b-651c-4851-9918-678c3b9c02eb,73630907,6c1d444fa4fe038a261676ab97b4bf8852407a05d43e61b179f7193c2eaae125
data/raw/wsi_pas/30-11072_PAS_75952231.svs,75952231-348c-4bbe-b35a-fc1b6f035df1,113200087,e89e9c3b2e9dd023adf284d741934cea0a97667367a0b27ee596f0dfd899ba40
data/raw/wsi_pas/30-11080_PAS_0ca4cca6.svs,0ca4cca6-1746-47a9-82b6-dcec6d16df2e,149794327,6d529e41cf8c1ff9e2e6ba7dca81500d1829d9855e071c6afccdff590bc5fdf7
data/raw/wsi_pas/30-11081_PAS_eb6e7405.svs,eb6e7405-ddf1-4504-b07c-273af6b8a62c,103355801,41d8767d15dd6d8b239505ff6d46a045205c3b2c23159d9157cf833b84b72c91
data/raw/wsi_pas/30-11084_PAS_6299280d.svs,6299280d-6de6-4aed-940a-4773fb98ae34,201164641,03cf59f1a3bea60991a92afb17ad3b4457514650579c9ffcb293fa1fde09050d
data/raw/wsi_pas/30-11090_PAS_38c0c810.svs,38c0c810-09f0-4b01-ac03-a5984d01ec8f,71187675,6614961d950451b09910bd0410564a3cd8878ac0e2be95ff84e4c7494c97181a
data/raw/wsi_pas/30-11091_PAS_d40bf58a.svs,d40bf58a-09c4-44fb-a254-ae97233bbf4b,75662621,249eaceaf622337f3ea1ebb7215b67fc21fe57a5859f72765f95da6bc3322ada
data/raw/wsi_pas/30-11093_PAS_2a5ae129.svs,2a5ae129-2651-4c55-80a8-adaea779a856,52336697,2408cf37fdb48293aa8bf5b48d46adfe4c64b45a93bbaa83232bd63bb2bac616
data/raw/wsi_pas/30-11095_PAS_a79b2ab6.svs,a79b2ab6-61e9-4a08-92be-ef6b2dcdc605,233522879,5d61c7827f8b01ed983da86676a13361e2fdde7cbd381e1359fbd943692c93ea
data/raw/wsi_pas/30-11101_PAS_752125a9.svs,752125a9-311d-462b-ab85-ac9aef82f788,209141363,36c306ae897719503608877362670d8727133e44fc7777ffaafa82afab654b2c
data/raw/wsi_pas/30-11104_PAS_90324696.svs,90324696-16f4-4db9-9322-d6b1a1ddd9ad,46662621,9005b788d7aacbfcb2bc64940985a85000f45c0b6b794d0f6c7d8de142f5b627
data/raw/wsi_pas/30-11120_PAS_dbdb44eb.svs,dbdb44eb-e49a-4680-870e-1aa2b9512dcf,14558677,c6df5a5e5319d505196cd20398460912e3c3d7ce6e27180b9cb4de3f979ea6a0
data/raw/wsi_pas/30-11124_PAS_932159e7.svs,932159e7-5731-457d-a2b1-db1c8d73fe98,67281677,dd6e345535e4facba1bf2637741250df83b251f859a0b0fe14978dc557f49ad5
data/raw/wsi_pas/30-11130_PAS_3d74193a.svs,3d74193a-f359-41b4-9f05-2e75637ffd11,87980507,d1fd8b8df966a5948677364968f2db8822c459568c708bd5e64ee9b5401e1f6e
data/raw/wsi_pas/30-11141_PAS_b77cbfc6.svs,b77cbfc6-afcb-48ca-88a8-30a3218db2d4,89150217,1b9e120f98468af3c7a55db91349ba77df9101dc06de97814af7750618fa8702
data/raw/wsi_pas/30-11154_PAS_f424a320.svs,f424a320-51cd-4d7d-b286-dcbb33c05e17,53570451,d49384d65dcbf55a419b866e26ad43a3d82834b31b9a9ed6c93608e253a24644
data/raw/wsi_pas/30-11157_PAS_ed5a2849.svs,ed5a2849-bd40-46da-a3e1-eac759d1cedc,35088991,a94d01fed8902879752bdf6b0b96ecccb6df390050f677e40ec7393a6cfb05eb
data/raw/wsi_pas/34-10306_PAS_9a7c08c1.svs,9a7c08c1-57f5-4935-8b77-d1c4b5c4f699,24681679,d8f1cd9eb01d9d985d05390e7d4890eb8ee7415dc80d5a861f0c5978f47d2b11
data/raw/wsi_pas/34-10393_PAS_feb8a7eb.svs,feb8a7eb-3b03-45fe-b673-6c9963fb3ba1,12473195,5da3a3930d11c39e4babf84dc26094f247f77727238951037db41a5b9d275cf1
data/raw/wsi_mt/30-10123_MT_bca756b9.svs,bca756b9-6c73-44b9-9010-5de6b2251843,73912949,bcdefc49a96db6b61b32523b48b20d7bc4d4cf8b5aad88e8665543dc29f49ee8
data/raw/wsi_mt/30-10868_MT_546b9ff6.svs,546b9ff6-7ce6-415c-8a5a-9dfc56e1ba89,90204437,056a912b97a20ae2847a12e33b0b1cf85aace8f9788c534de56b176f2c04517b
data/raw/wsi_mt/30-11168_MT_1be29ed7.svs,1be29ed7-4804-4366-9313-f6f5402b9d2b,498038483,d6c80c5042919a2d650e4317d1b3c9746e8a7b0e6d1e588aca7f80532e824408
data/raw/wsi_mt/33-10006_MT_0e5b26c5.svs,0e5b26c5-5220-49cb-8f8d-aa616e7cefdf,24965391,39f1f2a2d4afec51f1ce9994ece9faee9cbbf89ef61f15715ed32d5a642ba043
data/raw/wsi_mt/33-10375_MT_aabde57c.svs,aabde57c-fa74-4782-bf4f-bed6765905f6,388499121,77733dc81f05104c6e9d30238766b8f4171d1f1a6ea553f232ca170d2af8776b
data/raw/wsi_mt/933-10155_MT_a20a957a.svs,a20a957a-aed9-4abb-bc1c-169d47987531,35636007,6dc73f92d0a353fc816b4d4464c77876a6167cd085c77c8883630358e0a6f1f9
data/raw/wsi_mt/933-10372_MT_1acd84db.svs,1acd84db-2c50-4ca2-9a15-656240d391b0,21729009,c1f3f17c24e4c5ef167eb0c369e2e5055be512bbc772bf9f654605f00a692dae
data/raw/wsi_mt/30-10018_MT_2b1ae684.svs,2b1ae684-a610-4a0f-b576-d1e919554fc4,92994709,0f6659a3946eec10111c6cd0eb9c8e40437bd351dbe36120a1d893df1af7afd4
data/raw/wsi_mt/30-10034_MT_167d9811.svs,167d9811-a6bc-43d0-95c2-b52053a7db21,28963383,81d136205044f987470430fc6f2b8e5a281613127f0afc9078771cc0d83f69be
data/raw/wsi_mt/30-10044_MT_55c24d34.svs,55c24d34-a2f5-4014-a3e1-3ef898b0d53e,23255809,e6e15686bc2ac84d8eef429c50cc9b13cb4bdd5880bace9d6dac96c29bbfbb55
data/raw/wsi_mt/30-10125_MT_ea7216cd.svs,ea7216cd-1c9c-43a6-8fef-1ec593840279,66643173,4fefba7b95aa2fa3bbb7f6a1a331a1f6d5fe719ae29b8906cc65408056f42e33
data/raw/wsi_mt/30-10631_MT_df3b5986.svs,df3b5986-69e7-4328-acc0-dbfc78de9394,53459329,be54607bd6a8829dd45233c8622048e14b9f0444129080c191298983fde050b3
data/raw/wsi_mt/30-10929_MT_1ba21ee4.svs,1ba21ee4-8cb4-4dda-a6b5-65cf28e817d5,607114305,5434be5c4f86a8e136ab929b60ef2c1692568180a29e9200caaf3bcd355f23e2
data/raw/wsi_mt/30-11033_MT_9523df58.svs,9523df58-535f-4dfd-ac9f-78d7635027ff,61516243,4f026f9840a84554b27902b00a8e2ffbd6f30b4da3deb1e93cb4ee431b5d602a
data/raw/wsi_mt/30-11072_MT_1c150366.svs,1c150366-d803-40d3-95b0-8dbcb12c5633,120059021,f23e610f5b2e4933dd86b82d48fd92fdd1401a23bebb9843bc8dc6de70325008
data/raw/wsi_mt/30-11080_MT_d14d475c.svs,d14d475c-d4fe-43a7-9d4f-b798589efabb,252351709,2734ae7ee97874420af56afb3ae95983ac0537e26e460ac5952305c08d79f0b2
data/raw/wsi_mt/30-11081_MT_c8a6ff9c.svs,c8a6ff9c-b1a3-428c-aff1-5b208fdf33f9,134503139,2acbf1c19f4a186c27e440c19e4313547b728681288f3c7b805eaa806c262f73
data/raw/wsi_mt/30-11084_MT_fab311c4.svs,fab311c4-18ee-4343-be80-e4be0a1ff4ba,326368295,dffefe88d67a4597181e7a9c64041c43a928a9ae7dddbc3c6ae8be8d94afe706
data/raw/wsi_mt/30-11090_MT_b60822b0.svs,b60822b0-4a0b-42a3-8c7e-d6151c2eedbd,39822949,4ff82ffed6fc5db48a1a0276e02b9574c4bd8b9ea40a3b06f64958e98b5b92ba
data/raw/wsi_mt/30-11091_MT_12a769bf.svs,12a769bf-a1a4-4659-ab15-6214859b9865,123568991,98e486f8c53cbd989a8bd3ed75a9a10400fbd11ccb839b47666e7399826d4f42
data/raw/wsi_mt/30-11093_MT_45973bdf.svs,45973bdf-afae-43cd-9322-4e3f1c3422b7,113841803,24de19dacd170b82c56d217bb3fc0df57769e2109648f5434ab0311de70791f3
data/raw/wsi_mt/30-11095_MT_fe77a13f.svs,fe77a13f-5f5b-47ce-a4f5-b2d50c5323b7,1184261535,b67c80a5f420dd2564aeb9598bf13c384afc1791c2b6629a6d63dfe1d8e5e0fd
data/raw/wsi_mt/30-11101_MT_518856a9.svs,518856a9-e251-409e-800e-47e4c5c423eb,251214033,f48fde4f807a175635dc83264a7d98c83781b7e74d84397f9a66941ba27ecdf6
data/raw/wsi_mt/30-11104_MT_cb20c4ea.svs,cb20c4ea-3e92-4c5b-8bc2-6060c2f84927,44126709,7721cc45d9d8ef3140b3f6bfa1f9e33418a84ac7fd48e7f6dc30349c9bcf4f87
data/raw/wsi_mt/30-11120_MT_9abbe563.svs,9abbe563-4b20-42af-bd8a-f02900fc6f38,14881217,410ed02664a0b796c1fec267caf2d8af9b3cc0fffbf9f01cce7246357f8405fa
data/raw/wsi_mt/30-11124_MT_08799b94.svs,08799b94-0e9b-4a92-99fa-45c2d73227fd,77591493,f16d140a9cf85507cef2069b8232c276442237e9815ee5ec0c31e0639f6f06b7
data/raw/wsi_mt/30-11130_MT_804bea70.svs,804bea70-c352-43cd-b204-5ce7dd5a56a0,55865803,b4ab02eb75339f909102c8d0c515a8c7450e3b0afc215d1cc26f360ad5ddd45d
data/raw/wsi_mt/30-11141_MT_36171840.svs,36171840-db11-4ce4-8d8d-d861c542b550,54648903,018141ec232a68fa27583e3beb65c8e96e4104807ba72cf3294e99dffe5a7598
data/raw/wsi_mt/30-11154_MT_8763464f.svs,8763464f-df28-42b2-a4ba-7a8022f873ba,74020423,491855b53ff12df4348691445648320be4ceee19a365045dc9e708334e502035
data/raw/wsi_mt/30-11157_MT_a045ad7b.svs,a045ad7b-2a7f-42a1-85b0-4b51200f42dd,21790481,2462ff6387a9a09c241b759da1f8a4cad87565d57769183250c0dadc6e0321bb
data/raw/wsi_mt/30-11163_MT_663cd1ee.svs,663cd1ee-c0c1-40d0-ba51-9bcdc3697f6c,198027585,8df4be504b66a31f239fa1e53304d376c998b7ca28b31cfb9ca7f2950be47ab6
data/raw/wsi_mt/30-11192_MT_8f443d76.svs,8f443d76-6a7a-416d-b569-f4c4ab965245,343200416,4402606592a68e0bf5cfea9a0ab3eb670b0b662c25695c043941193f45be60ef
data/raw/wsi_mt/30-11197_MT_28655ea1.svs,28655ea1-2b13-4d92-a81c-01fe5ab0d02c,307343848,409a03c78dab4628d9899db661cf0a054d0dc0a143e3370ee3ed5ec2e3452bf3
data/raw/wsi_mt/30-11222_MT_b0679f1b.svs,b0679f1b-2c0a-4865-ab38-e163a10d56e9,297840050,143833ae05ae5b7c603a1c4d03400e090a7a145380b0d25d1ff3ed5036ac8145
data/raw/wsi_mt/30-11240_MT_a2bce56f.svs,a2bce56f-0664-4da6-b9c4-1707adadb368,296546796,440e3f3397f5a0b957b1ed379c206f141c9d180c10de01c2997d07fa0a92d23e
data/raw/wsi_mt/30-11253_MT_ff589a5e.svs,ff589a5e-a5d3-4090-9de5-219631d71494,261029526,109249d0801992830c8bbb7c2ec9b4cfcd6047664306a1459efcabf8e28f4cdc
data/raw/wsi_mt/32-10003_MT_acb566f5.svs,acb566f5-88f3-4239-b545-44dbbb7ff991,311431383,99e70d6c36fca1c4981b8c359eddf8c299134e6b256d0abcbdbdbf1042dd3c22
data/raw/wsi_mt/32-10034_MT_81c56003.svs,81c56003-cf1d-442c-9fc2-3155b0d63ff1,58517939,b9f8f348292451bfe5e160ede36bef4ce1f7524b2d17c7e89e4f4db256d6a65d
data/raw/wsi_mt/32-10074_MT_43554e53.svs,43554e53-1b3d-4001-af3b-c58d6a6c709b,64121987,e3714b37238b983ffc843a489c936d24bef5a6bada43c4e5829f1f73b2d57b40
data/raw/wsi_mt/32-10205_MT_09d79760.svs,09d79760-32e4-4cd6-8915-040e007f103a,108944917,f0a93ae0bd1b0bc51de1885e9990d8a18d1992904a3d7ca626d2ebdc7af5f9c8
data/raw/wsi_mt/32-10296_MT_51f4e2a5.svs,51f4e2a5-a769-49e6-9a75-05b34462b19d,94781053,17052a3132ef1c46a18c18903892f9108f0e470f79ad7230c2b8acbd69d42e30
data/raw/wsi_mt/32-10333_MT_6e4e84bb.svs,6e4e84bb-3720-41fe-bd74-7707bf763c40,77970059,0c66d5f6c33cf416ec9a5ef3ef3e30e159746f553765e92abd9f062687aa244e
data/raw/wsi_mt/32-10346_MT_6f8e707a.svs,6f8e707a-791b-4369-b2c5-5987c2d50ece,72578981,63507e78337be329055fe543c94f209f9ba649faec938b94be331cac627c011d
data/raw/wsi_mt/32-10419_MT_6346d7af.svs,6346d7af-b87c-42e2-aeba-de92dae8a673,42868927,750f36210e7f4f7c0e52a52264999fc4133fd5fde5383cc72d01c61266b16b6e
data/raw/wsi_mt/32-10456_MT_280a7e4f.svs,280a7e4f-94a5-4333-81d8-f730bafcaad4,143895627,ed2ddc830edd54103b6bfa12050526ef600fec621aa3062017de99ac459d595e
data/raw/wsi_mt/32-10458_MT_2dcf8382.svs,2dcf8382-dd8b-4afc-ab29-513c40475ebc,114107727,8ac66c1195706b3eee5f98746fd0d7f28f2a3be29aefcc5f44d1ad2d490ad150
data/raw/wsi_mt/32-10459_MT_278edf52.svs,278edf52-613a-4ce3-8197-0e3179b27080,70560355,dee421a1c337c83d178aae3264e4e1a24cbcbceb7f0a0ff32f8072505ec042d6
data/raw/wsi_mt/32-2_MT_d349b3f9.svs,d349b3f9-be38-4b72-8d11-2ddb66a5b135,89153007,c72e2b43d1bdceaac9afdf510a5821f816c8d26096dd06766c6fd67184a3446a
data/raw/wsi_mt/33-10005_MT_4c936589.svs,4c936589-d03b-469a-afd4-201f16640fcb,66365601,e8e069af51d090bac05f598efb6368ac2c4f89eab20067fe545ca6fadcd18cd5
data/raw/wsi_mt/33-10331_MT_cbda153f.svs,cbda153f-b2e6-4f9e-b453-ebf3ab356b7a,45555321,58ef7b51cc617d13d3ac44d49f74f8c9fc47a3a6641a66b8b47aed709ab047ec
data/raw/wsi_mt/33-10376_MT_51098243.svs,51098243-c80d-4060-addc-0cf54d1269fa,410172731,d8de389c12854999e5e22a3f5a6f81ef2763f25e34cbe5d00be7f00659194846
data/raw/wsi_mt/34-10050_MT_2f55bcac.svs,2f55bcac-bc8e-430d-9b84-223e6e9bdb13,8466513,9662d8cb4d6ce6e4219069feb6c4af79ddaf7a4f7a73d8ff1c7fdb7e70e44128
data/raw/wsi_mt/34-10184_MT_25461d03.svs,25461d03-b8e8-4ea5-a008-290f4ac3755f,47235911,10f34be4b76e59afef3bf6a7433212779706c28447e29334c873f3a8c690d737
data/raw/wsi_mt/34-10187_MT_26832da7.svs,26832da7-1dc5-4cde-948c-2c2d33d22828,52917695,f22182752eac867249077825c48f3b27f38670c2300cb0135e7ca6c0658bed10
data/raw/wsi_mt/34-10209_MT_48f2034a.svs,48f2034a-9dd6-48aa-ad13-58cc4461cdce,457937991,a425b065e16cfbcd0ecdd9f8925c77a9993d4bb2f49a51f1a27da04edb03f5d8
data/raw/wsi_mt/34-10240_MT_8c44163f.svs,8c44163f-6539-4f53-9a28-b9433c5aed33,123766115,9753d8cc622ba235c36cd55ea669c1ed0273f5dc5118bb50e06a9942e9c8762a
data/raw/wsi_mt/34-10306_MT_983b44f3.svs,983b44f3-95ca-4422-ac41-0381223fc31d,20896179,167eb7daf092889b48ba2ec2fed7dda73c00be2be7e1c30870722ced33a05cdc
data/raw/wsi_mt/34-10331_MT_2398f1b5.svs,2398f1b5-a57c-4065-8f5c-bf3028f1412b,21471795,9ea6742f566d9e0ada6f0ca1d0fc80715ef14e5089c987dcd57e7c82b854c41c
data/raw/wsi_mt/34-10393_MT_a29c4151.svs,a29c4151-6fa9-4a69-a33f-e47fba0af315,13992241,85bb25876fd27463af765b735ce134913641c2ccd6301a305f7f69eb95311de7
data/raw/wsi_mt/34-10478_MT_f80700d1.svs,f80700d1-dcc4-4dee-93e4-35b90c7aac8f,29484303,78eb72d6011316f54858e6cf8d00e92f00f260112f4b2a125fef55b7c1cb7261
data/raw/wsi_mt/34-10573_MT_aa53c8f5.svs,aa53c8f5-2924-4d7f-9a9a-1a72b7d4ed15,10527139,7af23c5153be9211974be84d0a9409dd72c7d3124c8416892eb428c2b7a0ec53
data/raw/wsi_mt/34-10579_MT_80313b48.svs,80313b48-7516-4fe4-8bc3-880212c0e6ab,12782241,d3fabe47a6b14271a9afad399658caa73549460bea01249094d95b6b27bf04dc
data/raw/wsi_mt/34-10666_MT_529c1ecf.svs,529c1ecf-05ac-4d2b-8eaa-5c657e8384db,21727185,ec2037cef7ec038055e086fee75cedbbcb692a588b02e0d4f868983364eda00e
data/raw/wsi_mt/34-10729_MT_39de359a.svs,39de359a-f9d9-42ff-95c9-cf77a334d0a0,15896851,99040f6fa27da925c59c390a0e75c75d360de651b85e8bfa2d0b456fed9a78bb
data/raw/wsi_mt/34-10730_MT_97fe61fb.svs,97fe61fb-b97a-44e3-b4a6-258990851278,19880395,855edfd77c2766389f26c2b8d056fe6616466eae4292fa2bcc8323a1a95ea08e
data/raw/wsi_mt/34-11008_MT_d47c6c53.svs,d47c6c53-65bf-44d7-a290-f0a20be2bc69,142980351,fbf4716612dac3ceda7a759eb65e1bd41e6108862e60a2f3ea9b592f3ed7554d
data/raw/wsi_mt/34-11025_MT_a9d88dfd.svs,a9d88dfd-267f-4826-980b-2cc4d6a6e55b,17206305,37205096bc08b327a9e30c150c3a22a06ea41368755bb9a9aa24f9da411ef052
data/raw/wsi_mt/34-11042_MT_d1b27c37.svs,d1b27c37-2806-4ad2-9b1b-e6d472072f76,159026799,a10a6f6bbe07cc40760e20acae55a28f83890afc3f7b819a720015b22a69ca30
data/raw/wsi_mt/936-10123_MT_7741f2cd.svs,7741f2cd-1831-4767-9151-9a76f2bba7a2,40975567,37ae9329173d003862f1b72e446c7d9d4bcc27e09fc5bef4e90f0750125eaa24
data/raw/wsi_mt/34-10050_MT_07640bb2.svs,07640bb2-0c30-4d51-ab7e-d3ca570d3090,13301875,08c761e68274fa0ac5864104ca0d4ff281dc9be632f43ff68d42b14d60f6d5c8
data/raw/wsi_silver/30-10868_SILVER_7f6dfdf1.svs,7f6dfdf1-3c45-46dd-bd3d-17457ee7bf0a,548250807,24c193d94f264d4932afcb047eb762fcab6adfb016e56646b819d24d3ff1ffaa
data/raw/wsi_silver/30-11168_SILVER_98a7bc64.svs,98a7bc64-88b0-40ba-ab19-376bdf69c486,594617518,8193d525e13dd89c75a3c8fdb8be6b0c052d168d8786e62535783e67710b3aaa
data/raw/wsi_silver/933-10155_SILVER_490e6666.svs,490e6666-1ec5-41b8-ba6e-abae6e492b30,89608091,6b503f187bf1e39b8cf2166460f054aa8239a02478de1e692ceb5b3d3ad56109
data/raw/wsi_silver/30-10018_SILVER_981a6a3e.svs,981a6a3e-3b90-48ba-a51b-02379675d808,350632739,eb5313f7befdc08cc079cc7209064ed44b59c2108773ed394e415820c0ba45c0
data/raw/wsi_silver/30-10034_SILVER_578eeeb8.svs,578eeeb8-f2fd-47a2-9418-0ecaa8983caa,30690917,278189295a63e219216e33c7f510db11326212e29690b46bfe8df3cb1df221b7
data/raw/wsi_silver/30-10044_SILVER_0838d828.svs,0838d828-93f1-41d1-93de-dc6b3ab686d7,63947077,91d3543f6c7faeb561052b5a68456daf4d98c17d5dabd10bf42223d3a867e7ff
data/raw/wsi_silver/30-10123_SILVER_a592fefe.svs,a592fefe-91f8-470d-9d81-165984b84149,219763757,457564a7003afe3a4d03eb90a7b46313dbb8072b9791475fdab1f667d377dc23
data/raw/wsi_silver/30-10125_SILVER_5fb8d3f0.svs,5fb8d3f0-5d56-4146-8204-920a80b8f252,149323423,f2384223ea4d3dbbe09de1d572c3e06c38333aa754be10195c03547424b984e3
data/raw/wsi_silver/30-10631_SILVER_905e0f89.svs,905e0f89-9a65-48b0-9446-17671461bf76,232482455,8a781dd99206494652b33cc071ece96ecb2d5223b195a4283b17620d52f75325
data/raw/wsi_silver/30-10929_SILVER_298fbbf2.svs,298fbbf2-5d4c-479b-8098-29823ec7629e,667318697,895516e40f32948ee8ce6cd3140cc1461aa5c4cd6bb330e0833dfbb44658e529
data/raw/wsi_silver/30-11033_SILVER_e5dee27c.svs,e5dee27c-0b5f-44c4-aed0-ea0e9c8af447,110674147,0b1531f4482b48b0f5cb531ee9193ac02df40dcf734230199a9596ff336faaf4
data/raw/wsi_silver/30-11072_SILVER_3c9ea218.svs,3c9ea218-28f1-4b66-88a1-652364627ed0,118628949,1e955551d516ef4d97a5d4928fe35ca7d21515e6c39ae1fe4409e3d4885013f5
data/raw/wsi_silver/30-11080_SILVER_9a71c1c4.svs,9a71c1c4-b3bd-406e-b3d9-153d96c317b0,447890819,3c22835a2782d938fae881ffb941a106914ae8e19424784ca8128437a87076cc
data/raw/wsi_silver/30-11081_SILVER_9122d2b9.svs,9122d2b9-5130-4c96-bba6-dbe71e56fc7b,336903205,801b83fac10a5eebe80712c745fd272ec63ff1d5c418398e7f062d8082e0fae9
data/raw/wsi_silver/30-11084_SILVER_88521a83.svs,88521a83-731b-4e96-b453-ff3173192016,157623629,d0dd5c2d7a8330a888ebacac6c9a67050862cddcba31b136c3cd2f297defebd7
data/raw/wsi_silver/30-11090_SILVER_55866323.svs,55866323-e9e9-4be7-8ad4-f002dcbfd49b,186892695,caf37805bf52dfc14b336cb4a6b93a2d43932beb8d85e92c6730fef9d029b161
data/raw/wsi_silver/30-11091_SILVER_3f2e22df.svs,3f2e22df-54f1-4972-acd2-0dad30fa0d61,647095375,32eb0585ba3af0db6de26e99e3df054af5acbad46cce54bfd3c9ea82bfa88dd2
data/raw/wsi_silver/30-11093_SILVER_92d59ec5.svs,92d59ec5-7a7a-4c79-8dbc-831d07e40547,55122895,749794b555ff4de47b35e94364b0a6d8018ea865a21c5c22de916e6f884fb847
data/raw/wsi_silver/30-11095_SILVER_dbb3ac4a.svs,dbb3ac4a-5e5e-4ba8-a2e4-bdf3a45c3f10,703491689,f76403f32d7f2ab909f81682091a584a1efbb745b4266347b97bbc0e495a40e2
data/raw/wsi_silver/30-11101_SILVER_6d01ac0f.svs,6d01ac0f-a327-4e97-b6ec-63b88fbf3a1d,162729679,c01e7638d2bb5b2bc647cacf1314833da0a49199cbdc06f776535e3f07922a2c
data/raw/wsi_silver/30-11104_SILVER_23a0e184.svs,23a0e184-8c4a-49f6-8e45-3277cf349cee,175273633,d620213af909b177c75f068dd162cd70657d40a2cb7aa05a1fd07d6eedf324d5
data/raw/wsi_silver/30-11120_SILVER_a012074c.svs,a012074c-008f-4a0a-afbb-b97b01a3cfd7,14359377,92b2b58906769cfaebc390bfd93bad12d4ec19b4877b2912c066adc589f9d021
data/raw/wsi_silver/30-11124_SILVER_99ab320a.svs,99ab320a-a94e-432e-8dc9-24da175f6a6b,243728171,08cb720978cc318cb100b4b782d4fe7d0de66425201f8b2d176029f7b97b62a4
data/raw/wsi_silver/30-11130_SILVER_287e163e.svs,287e163e-bda9-4080-aeeb-9c574f4025b9,264278241,2d5d1172ca952d09c37286d8199bba58e959439c6112620a67eca25bf53e7df9
data/raw/wsi_silver/30-11141_SILVER_8436d86d.svs,8436d86d-5e05-4756-b2ab-468d8225e950,65538759,038b61d18a53047e340ffeb7b96785bda4df8ce64b3f04e372bc82d6df3cd3a4
data/raw/wsi_silver/30-11154_SILVER_d7031de9.svs,d7031de9-4ce1-469d-b5fe-28d175e73dd3,94309391,b2bd73af833977f63c1f6df0e12f393ba47fd0e410985dc9a7cd5789a04656b6
data/raw/wsi_silver/30-11157_SILVER_8cc6738c.svs,8cc6738c-b3f4-48d2-aedd-0308f88b7bc4,38680701,0e60b506858820e880dafb2d41dfe2f009180107c61f8670384559572209f044
data/raw/wsi_silver/30-11163_SILVER_8abbc9b7.svs,8abbc9b7-1b58-49ae-b0ed-2c9bc2021c6e,59952697,27a3f60c751bdd7220f27073b5eb40efcbf9e9e434fd4359d32df629f5a4d173
data/raw/wsi_silver/30-11222_SILVER_a3a14491.svs,a3a14491-9b54-4c5a-92ef-9ccff03d58ef,66769765,36baa4cba6bf4e62a96c0a6a3682497b7237d91789bb48c09371bba954671fbf
data/raw/wsi_silver/34-10050_SILVER_c7e2a125.svs,c7e2a125-b9f9-419e-a14f-906c5805b039,9626707,3521f8bc9d4850312ac500ed515ce2b9c0281103f747efb266ee563a99d3a842
data/raw/wsi_silver/34-10184_SILVER_01075cc0.svs,01075cc0-dbd5-4825-9383-63c4ec1be508,49536445,3c5c85bd7c13a2e7c3731293fda9f5744ea213614b14b9fca955e646ab882df0
data/raw/wsi_silver/34-10306_SILVER_6ebfc9a4.svs,6ebfc9a4-969c-4a1b-bc48-89b831d90b31,19274619,5346a16519eb75da80c2fd2c64056e278ff34ff6fbdcc8cdcfb5854b8cf772fe
data/raw/wsi_if/30-10018_IF_dbe9193e.tif,dbe9193e-4ac7-4c5e-b157-e34f98e8b380,161096186,9cb33b6dcce4db43c2cc6448fd6a0ada637ae38b158f67530a08a2da7ef94230
data/raw/wsi_if/30-10044_IF_a430ccd2.tif,a430ccd2-a9a7-444a-8e86-4b31d9bfffec,265215278,c123b7465327436b33b5b75264a136b6592307d59a283adf6d072ea299ee0eef
data/raw/wsi_if/30-10125_IF_6fa86387.tif,6fa86387-8ca5-424f-b7bf-6788c56dd372,233154986,53a90443e141d288ac9f310e08a208ff0b74fd1ee34cf3444f3a1276a7803614
data/raw/wsi_if/30-10631_IF_c4d43a45.tif,c4d43a45-d643-450a-bb05-d7854909b17e,120140459,749fa047d3f41335f41099b0c5901eba2106c96d6ad41aeb43d278696606b4e5
data/raw/wsi_if/30-10868_IF_f91ddd9b.tif,f91ddd9b-f548-42af-866d-ddf320c4b18d,361325030,948f6cd3a89b533c3642aaaf4d4f283450153089396b7ccdca63ad883e1888b0
data/raw/wsi_if/30-10929_IF_56925007.tif,56925007-be3b-4e8a-a65c-e9d74e234b40,855637286,7ced8276452f73118353938c7902ba92edbc39fc76b3911c499225e6ba4532de
data/raw/wsi_if/30-11080_IF_54fc5468.tif,54fc5468-98e1-41c5-a07c-2d0d749d0978,358572644,487f03ec4de067d27b195327bc8275f47cff42f24775ffef7c0545a0fc15ed7f
data/raw/wsi_if/30-11081_IF_2bd012a8.tif,2bd012a8-d38d-4ed0-98a2-517d4588b7b2,218264459,875cf28bff380a0834fc31d05ac3662dc49d9beeca873227e1534fd4afaaf885
data/raw/wsi_if/30-11084_IF_67ab694c.tif,67ab694c-92ea-45f7-a4e2-8f4956842c4d,115746643,8368acfbec8292bc52ab2e2444255557bc4f956173cc2d2f3da48fb679fdae0c
data/raw/wsi_if/30-11093_IF_601a5192.tif,601a5192-3e57-4064-82c3-38dab41ccf85,313947839,65ed4a9cb109e32eb5e0411257dff8026e40d5d5d00dc4ec34556c50e52c8cbd
data/raw/wsi_if/30-11095_IF_d4d87888.tif,d4d87888-cee9-45e3-9a4b-ad5c8476e6c7,107450066,6ef74c167d0a17a57d5ed61de3e915f708d0ec3d37de6007cea533a0e28bb66b
data/raw/wsi_if/30-11104_IF_eb4d3028.tif,eb4d3028-e75c-4d2d-9639-3b00688ee396,141353288,ea45378c93db4579a419497d4a27ae7e87ed1ff9b029604b5375fffd3adba2da
data/raw/wsi_if/30-11120_IF_131a731b.tif,131a731b-e737-4f44-88b7-eace97d86a13,80613770,ee624dbf2f7f5adfb114cc1753078632d65da288950544dbad54a21e8c6c2b14
data/raw/wsi_if/30-11124_IF_af938d5b.tif,af938d5b-e2c1-4f6a-95db-ae517b2fc15c,342295523,ef9eb783bea94cbac588fc7162aa0e8eafb1f0f627d74284f33fed3d81841b60
data/raw/wsi_if/30-11141_IF_a5e2bbea.tif,a5e2bbea-8fcf-4ba5-9c3f-fdd03c19ab55,144687626,f7a3a9c4dd5e459b468523853698636c15c34f1fcec4c57b58002df3a3267880
data/raw/wsi_if/32-10003_IF_db84444a.tif,db84444a-bfb1-4a3c-8845-71a29f00dc9f,90749198,1fe6df34e6c50050b65b2ce20161bde398bdfe128979a6334462dfe2da3cc0a5
data/raw/wsi_if/32-10034_IF_973d413f.tif,973d413f-6a25-479a-9002-a65c07f29f83,139292228,1d0346651b07e87d0a512f59b9864fd43a71613ab97a973c102029de9c0332e7
data/raw/wsi_if/32-10205_IF_e8da8a7a.tif,e8da8a7a-5010-4ed1-bd88-8f1e1dac16f8,112827224,8aa985a6c5ab485b543499e7cf7598b0a0b810fdbed525a1d93ae1398ad6b793
data/raw/wsi_if/32-10333_IF_95939fec.tif,95939fec-bb38-42cb-8298-56592a020375,176139758,ab085a482397c6f9c1308cf70fe200713b3ead89f3a322b913eb11ca54391018
data/raw/wsi_if/32-10346_IF_2c677ecb.tif,2c677ecb-9395-4214-97e1-9c49b4015707,420082724,57980d899ce4359631248f4fa062e16727c0f91c7d9f27373a472ea5203ba7ef
data/raw/wsi_if/34-10050_IF_9def24d7.tif,9def24d7-0109-4075-8a6a-7959c156b640,27862106,5343ec7d0a22eaf68cb7630c69d68fc66bfb9e3c71c23e359678fa506654f073
