repeat,seed,fold,task,pos,neg,AUROC,AUPRC,F1,Precision,Recall
0,42,0,immune,3,6,0.833,0.756,0.5,1.0,0.333
0,42,0,chronic,2,9,0.5,0.25,0.333,0.25,0.5
0,42,0,stage3,8,2,0.25,0.789,0.75,0.75,0.75
0,42,1,immune,3,6,0.944,0.917,0.75,0.6,1.0
0,42,1,chronic,2,9,0.556,0.292,0.0,0.0,0.0
0,42,1,stage3,8,3,0.875,0.953,0.941,0.889,1.0
0,42,2,immune,3,6,0.278,0.361,0.0,0.0,0.0
0,42,2,chronic,2,9,1.0,1.0,0.667,1.0,0.5
0,42,2,stage3,7,4,0.5,0.633,0.824,0.7,1.0
0,42,3,immune,3,6,0.778,0.589,0.667,0.667,0.667
0,42,3,chronic,2,9,0.333,0.2,0.0,0.0,0.0
0,42,3,stage3,5,5,0.48,0.512,0.615,0.5,0.8
0,42,4,immune,2,6,0.5,0.333,0.333,0.25,0.5
0,42,4,chronic,2,8,0.688,0.417,0.333,0.25,0.5
0,42,4,stage3,6,2,0.917,0.976,0.923,0.857,1.0
1,43,0,immune,3,6,0.889,0.867,0.667,0.667,0.667
1,43,0,chronic,2,9,0.722,0.417,0.333,0.25,0.5
1,43,0,stage3,7,4,0.571,0.827,0.667,0.8,0.571
1,43,1,immune,3,6,0.778,0.81,0.571,0.5,0.667
1,43,1,chronic,2,9,0.611,0.611,0.0,0.0,0.0
1,43,1,stage3,7,3,0.381,0.644,0.364,0.5,0.286
1,43,2,immune,3,6,0.722,0.792,0.8,1.0,0.667
1,43,2,chronic,2,9,0.611,0.375,0.0,0.0,0.0
1,43,2,stage3,7,4,0.571,0.668,0.875,0.778,1.0
1,43,3,immune,3,6,0.667,0.5,0.571,0.5,0.667
1,43,3,chronic,2,9,0.778,0.45,0.0,0.0,0.0
1,43,3,stage3,6,3,0.722,0.877,0.857,0.75,1.0
1,43,4,immune,2,6,0.667,0.45,0.5,0.5,0.5
1,43,4,chronic,2,8,0.812,0.5,0.5,0.5,0.5
1,43,4,stage3,7,2,1.0,1.0,0.933,0.875,1.0
2,44,0,immune,3,6,0.611,0.514,0.667,0.667,0.667
2,44,0,chronic,2,9,0.778,0.667,0.333,0.25,0.5
2,44,0,stage3,5,4,0.7,0.768,0.667,0.571,0.8
2,44,1,immune,3,6,0.722,0.792,0.8,1.0,0.667
2,44,1,chronic,2,9,0.556,0.361,0.5,0.5,0.5
2,44,1,stage3,9,2,0.278,0.744,0.667,0.833,0.556
2,44,2,immune,3,6,0.667,0.5,0.333,0.333,0.333
2,44,2,chronic,2,9,0.444,0.267,0.0,0.0,0.0
2,44,2,stage3,7,3,0.762,0.874,0.875,0.778,1.0
2,44,3,immune,3,6,0.722,0.533,0.0,0.0,0.0
2,44,3,chronic,2,9,0.722,0.367,0.0,0.0,0.0
2,44,3,stage3,4,6,0.5,0.475,0.462,0.333,0.75
2,44,4,immune,2,6,0.667,0.45,0.333,0.25,0.5
2,44,4,chronic,2,8,0.75,0.45,0.5,0.5,0.5
2,44,4,stage3,9,1,1.0,1.0,0.947,0.9,1.0
3,45,0,immune,3,6,0.5,0.444,0.571,0.5,0.667
3,45,0,chronic,2,9,0.444,0.267,0.4,0.333,0.5
3,45,0,stage3,5,5,0.2,0.405,0.462,0.375,0.6
3,45,1,immune,3,6,0.556,0.587,0.5,1.0,0.333
3,45,1,chronic,2,9,0.778,0.417,0.0,0.0,0.0
3,45,1,stage3,9,2,0.556,0.898,0.571,0.8,0.444
3,45,2,immune,3,6,0.611,0.467,0.5,0.4,0.667
3,45,2,chronic,2,9,0.833,0.5,0.5,0.5,0.5
3,45,2,stage3,8,2,0.75,0.932,0.875,0.875,0.875
3,45,3,immune,3,6,0.389,0.387,0.0,0.0,0.0
3,45,3,chronic,2,9,0.611,0.611,0.333,0.25,0.5
3,45,3,stage3,7,3,0.619,0.833,0.769,0.833,0.714
3,45,4,immune,2,6,0.583,0.367,0.0,0.0,0.0
3,45,4,chronic,2,8,0.688,0.643,0.4,0.333,0.5
3,45,4,stage3,5,4,0.35,0.506,0.4,0.4,0.4
4,46,0,immune,3,6,0.778,0.81,0.667,0.667,0.667
4,46,0,chronic,2,9,0.833,0.7,0.571,0.4,1.0
4,46,0,stage3,7,2,0.786,0.948,0.857,0.857,0.857
4,46,1,immune,3,6,0.389,0.356,0.333,0.333,0.333
4,46,1,chronic,2,9,0.722,0.367,0.4,0.333,0.5
4,46,1,stage3,8,3,0.417,0.77,0.667,0.714,0.625
4,46,2,immune,3,6,0.556,0.587,0.4,0.5,0.333
4,46,2,chronic,2,9,0.722,0.367,0.0,0.0,0.0
4,46,2,stage3,8,3,0.75,0.916,0.714,0.833,0.625
4,46,3,immune,3,6,0.778,0.589,0.571,0.5,0.667
4,46,3,chronic,2,9,0.556,0.361,0.5,0.5,0.5
4,46,3,stage3,6,4,0.542,0.691,0.714,0.625,0.833
4,46,4,immune,2,6,0.917,0.833,0.5,0.5,0.5
4,46,4,chronic,2,8,0.562,0.31,0.0,0.0,0.0
4,46,4,stage3,5,4,0.3,0.505,0.615,0.5,0.8
5,47,0,immune,3,6,0.667,0.643,0.4,0.5,0.333
5,47,0,chronic,2,9,0.5,0.243,0.0,0.0,0.0
5,47,0,stage3,5,6,0.2,0.363,0.533,0.4,0.8
5,47,1,immune,3,6,0.556,0.411,0.0,0.0,0.0
5,47,1,chronic,2,9,0.667,0.393,0.25,0.167,0.5
5,47,1,stage3,6,3,0.667,0.863,0.727,0.8,0.667
5,47,2,immune,3,6,0.611,0.61,0.4,0.5,0.333
5,47,2,chronic,2,9,0.778,0.45,0.5,0.5,0.5
5,47,2,stage3,8,3,0.542,0.841,0.778,0.7,0.875
5,47,3,immune,3,6,0.611,0.476,0.5,0.4,0.667
5,47,3,chronic,2,9,0.778,0.417,0.0,0.0,0.0
5,47,3,stage3,7,3,0.81,0.937,0.8,0.75,0.857
5,47,4,immune,2,6,0.667,0.45,0.0,0.0,0.0
5,47,4,chronic,2,8,0.438,0.278,0.4,0.333,0.5
5,47,4,stage3,8,1,1.0,1.0,0.941,0.889,1.0
6,48,0,immune,3,6,0.389,0.356,0.333,0.333,0.333
6,48,0,chronic,2,9,0.556,0.267,0.0,0.0,0.0
6,48,0,stage3,7,3,0.571,0.808,0.8,0.75,0.857
6,48,1,immune,3,6,0.833,0.833,0.667,0.667,0.667
6,48,1,chronic,2,9,0.833,0.5,0.4,0.333,0.5
6,48,1,stage3,7,4,0.607,0.765,0.75,0.667,0.857
6,48,2,immune,3,6,0.778,0.589,0.667,0.667,0.667
6,48,2,chronic,2,9,0.722,0.643,0.5,0.5,0.5
6,48,2,stage3,7,3,0.714,0.86,0.8,0.75,0.857
6,48,3,immune,3,6,0.722,0.667,0.5,1.0,0.333
6,48,3,chronic,2,9,0.611,0.375,0.4,0.333,0.5
6,48,3,stage3,7,3,0.667,0.869,0.75,0.667,0.857
6,48,4,immune,2,6,0.75,0.5,0.4,0.333,0.5
6,48,4,chronic,2,8,0.688,0.417,0.0,0.0,0.0
6,48,4,stage3,6,3,0.833,0.944,0.909,1.0,0.833
7,49,0,immune,3,6,0.833,0.833,0.571,0.5,0.667
7,49,0,chronic,2,9,0.722,0.367,0.0,0.0,0.0
7,49,0,stage3,7,3,0.857,0.957,0.857,0.857,0.857
7,49,1,immune,3,6,0.611,0.625,0.333,0.333,0.333
7,49,1,chronic,2,9,0.444,0.236,0.333,0.25,0.5
7,49,1,stage3,6,4,0.375,0.57,0.545,0.6,0.5
7,49,2,immune,3,6,0.722,0.792,0.8,1.0,0.667
7,49,2,chronic,2,9,0.889,0.75,0.5,0.5,0.5
7,49,2,stage3,6,4,0.542,0.718,0.615,0.571,0.667
7,49,3,immune,3,6,0.5,0.444,0.571,0.5,0.667
7,49,3,chronic,2,9,0.611,0.375,0.286,0.2,0.5
7,49,3,stage3,7,3,0.667,0.844,0.714,0.714,0.714
7,49,4,immune,2,6,0.25,0.243,0.0,0.0,0.0
7,49,4,chronic,2,8,0.625,0.325,0.0,0.0,0.0
7,49,4,stage3,8,2,0.625,0.876,0.5,0.75,0.375
8,50,0,immune,3,6,0.5,0.444,0.4,0.5,0.333
8,50,0,chronic,2,9,0.722,0.417,0.0,0.0,0.0
8,50,0,stage3,5,5,0.52,0.564,0.615,0.5,0.8
8,50,1,immune,3,6,0.722,0.556,0.5,0.4,0.667
8,50,1,chronic,2,9,0.833,0.7,0.333,0.25,0.5
8,50,1,stage3,5,3,0.267,0.559,0.545,0.5,0.6
8,50,2,immune,3,6,0.833,0.833,0.8,1.0,0.667
8,50,2,chronic,2,9,0.722,0.367,0.0,0.0,0.0
8,50,2,stage3,7,4,0.679,0.78,0.8,0.75,0.857
8,50,3,immune,3,6,0.389,0.387,0.4,0.5,0.333
8,50,3,chronic,2,9,0.833,0.7,0.0,0.0,0.0
8,50,3,stage3,8,3,0.792,0.921,0.667,1.0,0.5
8,50,4,immune,2,6,0.583,0.643,0.286,0.2,0.5
8,50,4,chronic,2,8,0.625,0.325,0.0,0.0,0.0
8,50,4,stage3,9,1,0.778,0.977,0.875,1.0,0.778
9,51,0,immune,3,6,0.611,0.625,0.5,1.0,0.333
9,51,0,chronic,2,9,0.5,0.278,0.0,0.0,0.0
9,51,0,stage3,6,4,0.667,0.826,0.667,0.667,0.667
9,51,1,immune,3,6,0.722,0.556,0.5,0.4,0.667
9,51,1,chronic,2,9,0.556,0.6,0.667,1.0,0.5
9,51,1,stage3,6,3,0.889,0.958,0.857,0.75,1.0
9,51,2,immune,3,6,0.5,0.425,0.333,0.333,0.333
9,51,2,chronic,2,9,0.444,0.267,0.0,0.0,0.0
9,51,2,stage3,6,4,0.208,0.581,0.364,0.4,0.333
9,51,3,immune,3,6,0.778,0.722,0.5,0.4,0.667
9,51,3,chronic,2,9,0.833,0.5,0.5,0.5,0.5
9,51,3,stage3,9,2,0.611,0.909,0.842,0.8,0.889
9,51,4,immune,2,6,0.75,0.7,0.667,1.0,0.5
9,51,4,chronic,2,8,0.812,0.5,0.5,0.5,0.5
9,51,4,stage3,7,3,0.524,0.769,0.714,0.714,0.714
10,52,0,immune,3,6,0.722,0.533,0.0,0.0,0.0
10,52,0,chronic,2,9,0.889,0.583,0.5,0.5,0.5
10,52,0,stage3,8,2,0.562,0.864,0.8,0.857,0.75
10,52,1,immune,3,6,0.389,0.387,0.4,0.5,0.333
10,52,1,chronic,2,9,0.833,0.5,0.5,0.5,0.5
10,52,1,stage3,8,3,0.333,0.725,0.462,0.6,0.375
10,52,2,immune,3,6,0.833,0.639,0.667,0.667,0.667
10,52,2,chronic,2,9,0.778,0.667,0.667,1.0,0.5
10,52,2,stage3,8,3,0.875,0.953,0.8,0.857,0.75
10,52,3,immune,3,6,0.667,0.643,0.571,0.5,0.667
10,52,3,chronic,2,9,0.722,0.643,0.4,0.333,0.5
10,52,3,stage3,6,2,0.667,0.897,0.769,0.714,0.833
10,52,4,immune,2,6,0.5,0.393,0.5,0.5,0.5
10,52,4,chronic,2,8,0.75,0.45,0.5,0.5,0.5
10,52,4,stage3,4,6,0.417,0.427,0.545,0.429,0.75
11,53,0,immune,3,6,0.556,0.5,0.4,0.5,0.333
11,53,0,chronic,2,9,0.444,0.341,0.0,0.0,0.0
11,53,0,stage3,7,3,0.762,0.895,0.857,0.857,0.857
11,53,1,immune,3,6,0.833,0.833,0.8,1.0,0.667
11,53,1,chronic,2,9,1.0,1.0,0.8,0.667,1.0
11,53,1,stage3,6,4,0.25,0.521,0.571,0.5,0.667
11,53,2,immune,3,6,0.333,0.328,0.4,0.286,0.667
11,53,2,chronic,2,9,0.667,0.393,0.333,0.25,0.5
11,53,2,stage3,7,3,0.571,0.821,0.667,0.625,0.714
11,53,3,immune,3,6,0.611,0.625,0.4,0.5,0.333
11,53,3,chronic,2,9,0.444,0.226,0.0,0.0,0.0
11,53,3,stage3,7,4,0.643,0.797,0.75,0.667,0.857
11,53,4,immune,2,6,0.833,0.75,0.667,1.0,0.5
11,53,4,chronic,2,8,0.875,0.75,0.4,0.333,0.5
11,53,4,stage3,7,2,0.643,0.874,0.875,0.778,1.0
12,54,0,immune,3,6,0.667,0.5,0.333,0.333,0.333
12,54,0,chronic,2,9,0.444,0.236,0.0,0.0,0.0
12,54,0,stage3,5,4,0.4,0.619,0.25,0.333,0.2
12,54,1,immune,3,6,0.722,0.698,0.571,0.5,0.667
12,54,1,chronic,2,9,0.667,0.333,0.333,0.25,0.5
12,54,1,stage3,8,3,0.5,0.826,0.625,0.625,0.625
12,54,2,immune,3,6,0.611,0.444,0.0,0.0,0.0
12,54,2,chronic,2,9,0.833,0.7,0.333,0.25,0.5
12,54,2,stage3,9,1,0.111,0.841,0.571,0.8,0.444
12,54,3,immune,3,6,0.333,0.373,0.4,0.5,0.333
12,54,3,chronic,2,9,0.556,0.267,0.0,0.0,0.0
12,54,3,stage3,6,5,0.633,0.754,0.625,0.5,0.833
12,54,4,immune,2,6,0.333,0.292,0.0,0.0,0.0
12,54,4,chronic,2,8,0.812,0.5,0.5,0.5,0.5
12,54,4,stage3,6,3,0.5,0.751,0.615,0.571,0.667
13,55,0,immune,3,6,0.722,0.698,0.5,1.0,0.333
13,55,0,chronic,2,9,0.722,0.643,0.667,1.0,0.5
13,55,0,stage3,7,3,0.905,0.962,0.769,0.833,0.714
13,55,1,immune,3,6,0.5,0.425,0.4,0.5,0.333
13,55,1,chronic,2,9,0.944,0.833,0.5,0.5,0.5
13,55,1,stage3,8,3,0.833,0.95,0.8,0.857,0.75
13,55,2,immune,3,6,0.944,0.917,0.75,0.6,1.0
13,55,2,chronic,2,9,0.722,0.367,0.333,0.25,0.5
13,55,2,stage3,5,5,0.6,0.664,0.615,0.5,0.8
13,55,3,immune,3,6,0.611,0.467,0.286,0.25,0.333
13,55,3,chronic,2,9,0.5,0.243,0.0,0.0,0.0
13,55,3,stage3,7,2,0.357,0.808,0.615,0.667,0.571
13,55,4,immune,2,6,0.917,0.833,0.571,0.4,1.0
13,55,4,chronic,2,8,0.5,0.361,0.333,0.25,0.5
13,55,4,stage3,7,3,0.0,0.53,0.571,0.571,0.571
14,56,0,immune,3,6,0.722,0.667,0.0,0.0,0.0
14,56,0,chronic,2,9,0.444,0.236,0.0,0.0,0.0
14,56,0,stage3,6,4,0.625,0.796,0.667,0.556,0.833
14,56,1,immune,3,6,0.667,0.532,0.571,0.5,0.667
14,56,1,chronic,2,9,0.944,0.833,0.667,0.5,1.0
14,56,1,stage3,7,3,0.714,0.898,0.667,0.8,0.571
14,56,2,immune,3,6,0.556,0.421,0.571,0.5,0.667
14,56,2,chronic,2,9,0.889,0.75,0.4,0.333,0.5
14,56,2,stage3,6,4,0.75,0.886,0.667,0.556,0.833
14,56,3,immune,3,6,0.722,0.792,0.667,0.667,0.667
14,56,3,chronic,2,9,0.667,0.625,0.4,0.333,0.5
14,56,3,stage3,9,2,0.5,0.876,0.667,0.833,0.556
14,56,4,immune,2,6,0.833,0.75,0.667,1.0,0.5
14,56,4,chronic,2,8,0.625,0.325,0.0,0.0,0.0
14,56,4,stage3,6,3,0.778,0.897,0.833,0.833,0.833
15,57,0,immune,3,6,0.556,0.443,0.4,0.5,0.333
15,57,0,chronic,2,9,0.833,0.5,0.4,0.333,0.5
15,57,0,stage3,7,4,0.714,0.844,0.778,0.636,1.0
15,57,1,immune,3,6,0.5,0.569,0.4,0.5,0.333
15,57,1,chronic,2,9,0.778,0.417,0.0,0.0,0.0
15,57,1,stage3,8,3,0.75,0.916,0.714,0.833,0.625
15,57,2,immune,3,6,0.833,0.756,0.571,0.5,0.667
15,57,2,chronic,2,9,0.5,0.278,0.4,0.333,0.5
15,57,2,stage3,8,2,0.438,0.855,0.615,0.8,0.5
15,57,3,immune,3,6,0.778,0.81,0.667,0.667,0.667
15,57,3,chronic,2,9,0.833,0.7,0.5,0.5,0.5
15,57,3,stage3,6,3,0.278,0.605,0.4,0.5,0.333
15,57,4,immune,2,6,0.5,0.393,0.5,0.5,0.5
15,57,4,chronic,2,8,1.0,1.0,0.0,0.0,0.0
15,57,4,stage3,5,4,0.6,0.728,0.667,0.571,0.8
16,58,0,immune,3,6,0.722,0.698,0.571,0.5,0.667
16,58,0,chronic,2,9,0.778,0.667,0.286,0.2,0.5
16,58,0,stage3,6,3,0.056,0.516,0.615,0.571,0.667
16,58,1,immune,3,6,0.389,0.342,0.0,0.0,0.0
16,58,1,chronic,2,9,0.778,0.667,0.5,0.5,0.5
16,58,1,stage3,9,1,1.0,1.0,0.8,1.0,0.667
16,58,2,immune,3,6,0.833,0.833,0.8,1.0,0.667
16,58,2,chronic,2,9,1.0,1.0,0.8,0.667,1.0
16,58,2,stage3,7,4,0.964,0.982,0.857,0.857,0.857
16,58,3,immune,3,6,0.667,0.643,0.5,0.4,0.667
16,58,3,chronic,2,9,0.722,0.367,0.0,0.0,0.0
16,58,3,stage3,7,3,0.762,0.913,0.857,0.857,0.857
16,58,4,immune,2,6,0.75,0.7,0.4,0.333,0.5
16,58,4,chronic,2,8,0.562,0.31,0.0,0.0,0.0
16,58,4,stage3,5,5,0.28,0.544,0.462,0.375,0.6
17,59,0,immune,3,6,0.444,0.554,0.0,0.0,0.0
17,59,0,chronic,2,9,0.889,0.75,0.667,1.0,0.5
17,59,0,stage3,8,3,0.917,0.975,0.875,0.875,0.875
17,59,1,immune,3,6,0.667,0.5,0.0,0.0,0.0
17,59,1,chronic,2,9,0.667,0.333,0.0,0.0,0.0
17,59,1,stage3,7,3,0.905,0.962,0.857,0.857,0.857
17,59,2,immune,3,6,0.611,0.514,0.571,0.5,0.667
17,59,2,chronic,2,9,0.611,0.611,0.333,0.25,0.5
17,59,2,stage3,6,2,0.5,0.8,0.769,0.714,0.833
17,59,3,immune,3,6,0.722,0.556,0.4,0.5,0.333
17,59,3,chronic,2,9,0.778,0.417,0.4,0.333,0.5
17,59,3,stage3,7,4,0.714,0.797,0.824,0.7,1.0
17,59,4,immune,2,6,0.417,0.31,0.0,0.0,0.0
17,59,4,chronic,2,8,0.375,0.267,0.0,0.0,0.0
17,59,4,stage3,6,4,0.375,0.566,0.667,0.556,0.833
18,60,0,immune,3,6,0.611,0.444,0.571,0.5,0.667
18,60,0,chronic,2,9,0.556,0.361,0.0,0.0,0.0
18,60,0,stage3,7,3,0.429,0.738,0.4,0.667,0.286
18,60,1,immune,3,6,0.222,0.306,0.286,0.25,0.333
18,60,1,chronic,2,9,0.667,0.393,0.5,0.5,0.5
18,60,1,stage3,10,1,0.7,0.97,0.75,1.0,0.6
18,60,2,immune,3,6,0.444,0.369,0.286,0.25,0.333
18,60,2,chronic,2,9,0.722,0.367,0.0,0.0,0.0
18,60,2,stage3,5,5,0.52,0.531,0.667,0.571,0.8
18,60,3,immune,3,6,0.889,0.867,0.5,1.0,0.333
18,60,3,chronic,2,9,0.667,0.333,0.0,0.0,0.0
18,60,3,stage3,7,3,0.714,0.898,0.769,0.833,0.714
18,60,4,immune,2,6,0.75,0.7,0.333,0.25,0.5
18,60,4,chronic,2,8,0.875,0.75,0.667,1.0,0.5
18,60,4,stage3,5,4,0.5,0.731,0.6,0.6,0.6
19,61,0,immune,3,6,0.5,0.569,0.5,1.0,0.333
19,61,0,chronic,2,9,0.667,0.333,0.0,0.0,0.0
19,61,0,stage3,7,4,0.714,0.844,0.714,0.714,0.714
19,61,1,immune,3,6,0.667,0.5,0.5,0.4,0.667
19,61,1,chronic,2,9,0.889,0.583,0.571,0.4,1.0
19,61,1,stage3,8,2,0.5,0.852,0.364,0.667,0.25
19,61,2,immune,3,6,0.667,0.643,0.571,0.5,0.667
19,61,2,chronic,2,9,0.389,0.225,0.0,0.0,0.0
19,61,2,stage3,8,3,0.708,0.911,0.706,0.667,0.75
19,61,3,immune,3,6,0.556,0.592,0.5,1.0,0.333
19,61,3,chronic,2,9,0.722,0.367,0.0,0.0,0.0
19,61,3,stage3,8,3,0.375,0.736,0.625,0.625,0.625
19,61,4,immune,2,6,0.833,0.583,0.667,0.5,1.0
19,61,4,chronic,2,8,0.812,0.7,0.333,0.25,0.5
19,61,4,stage3,3,4,0.5,0.643,0.5,0.4,0.667
